typing_speed,breaks_per_hour,long_breaks,focus_app_ratio,task_start_delay,task_completion,distraction_time,context_switches,label
131.2605537125386,0,0,0.6248662318741965,0.06046940930303525,1,13.10176980913418,7,idle
225.4206181497376,1,1,0.7785405583038961,2.6961912026579657,0,24.192622691671104,4,idle
261.88661111536396,1,0,0.838055206119699,3.804902296597284,1,19.178858909027678,4,idle
198.64037835653747,1,0,0.8119048092482001,21.102030158494614,1,9.965308556924194,3,productive
254.1594354128054,5,3,0.974707893116567,8.8919745012928,1,14.247969254444627,4,productive
233.1398478627472,3,0,0.7842957811082579,7.166022149273051,0,17.716644387267664,5,idle
219.95308511496302,1,1,0.8001111863007141,15.681521791438392,0,42.37841461539588,7,procrastinating
161.8480501244268,4,0,0.5937865215802357,4.878124435120795,0,17.22689420381815,4,idle
201.47268761295712,1,1,0.8893284207007737,0.8583755500224723,1,21.78596742654211,3,idle
221.47506499230218,1,0,0.26811998512811114,3.469211637314547,1,15.326988817290573,2,idle
189.3887856523819,0,0,0.7061123481168858,11.014578578324027,1,20.606615534895287,6,idle
229.58235696553015,5,2,0.5936436436115222,12.057967735147255,1,9.118216605793343,3,idle
183.7382227354801,2,0,0.6987125683947238,11.72902790858543,1,3.125274578537642,4,idle
246.75811822586004,2,0,0.5174514844861867,7.416958399961864,1,11.990619917837666,3,idle
240.27243625693475,0,0,0.4388372925193066,5.509315861700756,1,22.58884430147273,6,idle
205.30149854742174,0,0,0.5177167404937376,60.0,1,29.610591320653835,7,procrastinating
186.09238304166405,1,0,0.5506488297845183,1.5360010149183267,1,12.042934032463894,6,idle
256.3379708310006,0,0,0.8242175956507811,11.55808006527155,0,15.324922116295037,5,idle
190.28389697830121,1,1,0.728584786017299,60.0,1,34.436522072890526,3,procrastinating
159.67567891850535,1,0,0.34598715663963076,23.701158466358685,0,7.571893675668846,5,idle
282.8541747303867,0,0,0.964980463773642,16.193284779817965,1,22.719647697596635,1,idle
279.3722328531033,2,1,0.7460163171871756,8.963148981829894,1,12.375901033656664,3,idle
198.66543873540542,3,1,0.12296515627708413,60.0,1,35.082219927877574,4,procrastinating
172.0903917786916,0,0,0.85041275636184,7.491074850807333,1,19.97758718070009,3,idle
218.30334107537743,1,0,0.6462912936323569,9.295404090352772,1,23.663654614719942,2,idle
252.16869904990284,3,2,0.6497905112014001,5.344076879460255,1,25.439762739326994,5,idle
242.8950154725664,5,4,0.28446432894637125,1.1171065874665018,1,21.43454154055288,0,idle
271.2700256315399,1,0,0.6207858358484816,9.929602664848172,1,12.0693051037395,9,idle
195.31928733589638,0,0,0.7847251446743567,5.814360270480916,1,0.0,2,productive
212.50542066846495,2,1,0.11582734901554664,5.7877483007241235,1,19.380180018593084,4,idle
220.0079823849887,2,1,0.7642600901872478,1.1318583169365173,1,20.796886489784228,2,idle
145.05523521485983,0,0,0.5742519419838971,10.289297742108614,1,6.389122383403089,5,idle
175.96414624825042,1,0,0.8797418854686032,1.8350369744101935,1,6.9911876097671755,1,productive
246.74043049586786,1,0,0.6187682899047918,1.115286633917424,1,5.624037733140884,6,idle
243.77001426903803,1,1,0.5138293938468056,6.360803091883821,0,21.787043671141497,5,idle
189.4823882639399,3,0,0.30956676347937645,60.0,1,28.565470147707423,2,procrastinating
263.53300206131064,0,0,0.1960527671247325,12.975831234550938,0,38.44743812344419,4,procrastinating
133.9222428127378,0,0,0.9054446654845222,3.130306983948026,0,16.431179343585363,6,idle
148.96204280124093,2,1,0.6845642499038344,20.64939955089388,1,4.692776461599475,2,idle
154.54044687382833,2,0,0.26907632417917404,0.7686296801333093,0,0.6565592253571246,3,idle
185.5002377247391,1,1,0.44335517390280027,2.1197249435667698,0,28.32353267121691,1,idle
179.93227184339577,1,0,0.6153953000673801,6.753356024594367,0,15.0482342881384,2,idle
210.32915534530065,3,0,0.49349146321312964,8.01628189392855,0,19.176582262875016,3,idle
182.41775690348268,3,1,0.5028059652751046,29.823880335907784,1,0.9034560035261272,7,procrastinating
268.4886633639889,1,0,0.7421564503093185,40.24509858589528,0,26.442782038469183,8,procrastinating
132.01069693560237,2,0,0.7860695898822411,13.570224335777691,1,15.128337648078189,4,idle
165.75104553916665,3,0,0.8421247313878849,4.245466640053775,1,40.518669889485764,2,procrastinating
226.08784889253144,0,0,0.9768250305341719,8.867340151634242,0,28.28057889208518,3,idle
137.3889673730021,0,0,0.3220699045485099,1.1636827586800778,1,21.237474314529706,4,idle
276.1821239975458,3,1,0.49316126565281476,12.669603178593917,0,19.827753288898943,8,idle
156.53920812070263,1,1,0.8371984266882951,37.24235961778945,1,8.143884867400054,3,productive
185.26142129090297,1,0,0.8389979261959256,4.56953495383471,0,29.4249885345587,6,idle
167.69792273048543,2,1,0.9045979216225118,7.947811145855204,1,36.489531398694346,4,procrastinating
172.74304360353582,0,0,0.800185731810106,24.48880469804084,1,5.724322841022243,1,productive
214.89885605251558,4,0,0.5974455793010301,14.04222016726927,1,13.604543753593562,5,idle
232.8514315721544,1,0,0.8681773284566671,2.324476767504974,1,27.509727689869997,5,idle
171.1997694070284,2,1,0.845906596081982,27.49402779454358,1,1.6398132488817545,4,productive
266.22613842271403,1,0,0.4836315202248456,9.422943610082047,1,7.031528093154407,3,idle
206.41749393371703,3,1,0.9203107442750041,0.44701001334332474,1,27.027723054416903,5,idle
169.96208334307346,2,2,0.8145143856410317,2.5186926687927547,1,14.626956427270915,3,productive
170.3190724732642,3,2,0.5150792152847774,0.054973671760114716,1,8.296919237550073,2,idle
210.8387527269627,0,0,0.7551771291807562,6.704645435038046,0,14.98077463761252,5,idle
220.70300798656297,2,0,0.4248834142718166,7.167435124455487,1,50.88850524696187,4,procrastinating
210.60968468828756,1,0,0.6597006510066344,2.364581940801518,0,12.612824995763694,10,idle
136.401177027863,2,0,0.6158575475014274,9.967555075033005,1,33.34164627866396,4,procrastinating
163.01055550308075,1,0,0.7515612722199879,4.145150887800286,1,20.087905347190173,5,idle
237.5867496759396,5,1,0.7381212286086833,1.220903498505569,0,37.812115214936235,0,procrastinating
243.12923459957207,2,0,0.6716528888780865,9.862432944020785,0,17.740105515122536,5,idle
256.21146477299055,2,0,0.6582540089858385,4.036372740377174,0,23.192270920540295,4,idle
145.55142250234832,0,0,0.9947809663525857,16.727888014033866,1,11.955930503088076,6,productive
127.14652649159773,0,0,0.8858578083362986,4.292682859705057,1,26.507871556159106,2,idle
226.47419517752866,4,1,0.4176723869856736,6.81358966838075,0,26.518206146558505,3,idle
195.0700289226236,3,1,0.9661959172407644,1.5361574109689449,0,15.008101800316936,1,idle
178.9851909859611,3,1,0.7331076733453338,9.74069365383815,1,16.08847835523419,3,idle
301.557340267722,1,1,0.8200083727521288,12.955234927515297,0,14.508446706777594,6,idle
185.21785146384332,2,0,0.2582938773125651,18.21314760192737,1,27.121360662739058,6,idle
243.77039986470785,0,0,0.6160901459461303,0.7825084672217402,1,20.56376015441334,4,idle
151.18534474136314,1,0,0.890501336355973,6.927080972054313,1,15.100402005301724,3,idle
236.12580011074235,3,0,0.7463890174169796,4.80124897777756,1,5.098841340121945,7,idle
160.2964608301968,2,0,0.9422188247755777,3.1425381192994077,1,39.50237578300129,3,procrastinating
241.05546616011185,6,3,0.4813404014946566,4.550507257219395,0,38.556216670537694,3,procrastinating
240.9100529762282,2,0,0.602500928561165,5.843693117775885,1,20.072585986555833,6,idle
139.4990611689724,2,1,0.35911005115727934,4.856185476984534,0,18.696524933775308,8,idle
250.72383546600065,1,0,0.9787082933328274,24.913759543553525,1,8.591303257417618,2,productive
245.04700796953802,0,0,0.48368192668069654,15.777234680682398,1,16.647763740314485,4,idle
229.27047917685334,3,1,0.2184320980916455,60.0,1,20.65365914713565,4,procrastinating
214.89923954540615,2,1,0.9390886337766907,22.00784731510993,1,20.661895440027678,5,idle
211.27276356703828,1,0,0.551706547377018,12.694387641184912,0,27.807429292982867,4,idle
183.9528378844055,0,0,0.408596534367733,11.498967118511803,1,18.905145509676533,2,idle
156.0246960362731,1,0,0.6247712670662088,19.961148131904093,0,33.20802872534061,3,procrastinating
133.23215974178234,0,0,0.6599827689713498,1.5915406595991988,1,31.271877334260637,2,procrastinating
226.61237806981526,2,0,0.7362808652131149,0.729422686697753,1,15.3605966160412,3,idle
294.44580421329744,2,0,0.6323700353954536,5.057903115691561,0,30.174527755878294,2,procrastinating
193.03934924239613,0,0,0.8835056486226799,8.032219806356192,0,1.06123419855955,3,idle
292.43712368214915,1,0,0.5377173909183032,3.6760261951024606,0,31.239594052868163,1,procrastinating
210.13578453140462,2,1,0.9273328855238662,2.5294466178939334,0,15.877440377186899,5,idle
206.57894404239195,4,1,0.716640890278245,38.13891433853928,1,14.411473475701818,2,procrastinating
210.17809172944197,1,0,0.12819472956530042,30.217566319369073,1,16.25518960076735,5,procrastinating
201.67436500962987,3,1,0.5964233925189003,5.636923948721139,1,15.039692236597295,4,idle
98.07818091497538,3,0,0.9111496324932304,1.9600044658957145,1,15.991166415395025,7,idle
133.2906957407567,1,0,0.6623679954057546,3.697863632578074,1,17.481162626504474,3,idle
158.8682546927687,2,0,0.5226217802142352,10.859405828428791,1,8.933028452826393,5,idle
76.20080366771015,4,0,0.9917224187427536,15.55657579811673,1,9.146413441119062,6,productive
211.49927751624884,1,0,0.7356596869272958,3.5675511580813466,1,22.133538569848035,5,idle
198.80000998238515,0,0,0.8104746597790193,14.68243755946295,0,7.545523768843045,3,idle
189.7420604244757,3,1,0.547611438469401,13.764834346210325,1,12.041964772200533,4,idle
215.95925105169482,6,1,0.39606089891054286,19.987819908496775,0,23.376939822559127,4,idle
210.9996267617726,0,0,0.7949466552291344,4.064712521907482,0,13.968508776177723,0,idle
224.28155891734806,4,1,0.5562551064155372,4.793933045026023,1,32.067180034508326,3,procrastinating
176.1413620023733,2,0,0.36921561755258,1.8994336904495641,1,25.275868200484492,5,idle
151.6623686782432,4,3,0.5943643062630046,1.1858030917065556,0,29.00001224508854,2,idle
214.2812749604454,3,1,0.25977478960680217,19.393161693399833,0,13.974490919995525,3,idle
190.93282050254606,3,2,0.48746828663468883,18.211009682276917,1,19.96376890364542,4,idle
156.63073957818722,0,0,0.44914770379592406,0.2644343520040242,1,25.74821004224706,4,idle
193.55421032955178,3,0,0.5588227551020857,0.39102027868824585,1,31.008631282178285,9,procrastinating
152.80396316190024,3,2,0.7597667607342093,26.64529975955969,0,14.069870488498106,2,procrastinating
281.3776922290456,2,0,0.3817844231732663,14.897520831809251,1,37.254147211048135,3,procrastinating
241.20257963324647,0,0,0.8498262406783753,4.081115820894338,1,30.226966679501274,4,procrastinating
121.886344460646,1,0,0.7586190327438533,3.6895883876271527,1,25.766569617727942,3,idle
203.93394096045023,1,0,0.8840809672869983,10.631122378820962,0,10.179208730522134,3,idle
140.67227889513237,1,0,0.64470277345206,3.657254474233733,0,5.874580540486933,5,idle
302.1021285816962,2,1,0.8292693619398662,13.07579870950466,0,2.2852040524822765,3,idle
147.13502947710225,2,1,0.7642521591775964,1.0148939369080285,1,11.28314880278319,1,productive
160.627260691208,3,0,0.6341557508755393,13.79250757781469,1,21.525518370367287,6,idle
199.2579208808394,2,0,0.9354324758505272,9.189955954118904,1,23.44428832917987,9,idle
145.6919895698269,1,0,0.5881951887448024,1.2565515694082678,1,8.546899653967541,1,idle
252.7052149427367,1,1,0.6161658212715094,4.701303200117764,1,15.457399743621732,5,idle
209.12710863168905,1,0,0.8316172755095464,0.6229030711312931,0,15.599276697183756,0,idle
250.2568967592006,2,0,0.864377877861182,10.654232074426806,0,29.002995517493737,3,idle
244.18619039325924,1,1,0.19706432208524366,20.01192205412186,1,15.602746564968253,2,idle
142.60258285125735,3,2,0.581587527636847,0.5079771128551063,0,31.153654775547828,5,procrastinating
156.27513104436278,4,0,0.7257630740838151,16.375500121336444,1,31.496334375689408,4,procrastinating
268.3318163879576,2,0,0.4624214591102897,2.305142415635809,1,20.384016266109242,4,idle
252.85240317368508,1,0,0.5502821310480025,30.231394604890028,1,29.735163201077743,4,procrastinating
155.22356412115434,3,1,0.6972095220144368,4.8365133681366075,1,4.293974547152036,3,idle
202.9230674681188,0,0,0.3326886688084961,6.274768058115855,0,29.086403507501494,0,idle
142.1586677881026,2,1,0.19808190507989662,9.413508298469461,0,15.388086457757176,5,idle
214.8547858862976,5,1,0.7699540843781628,9.406463392378475,0,19.787112106753035,8,idle
243.61750447946164,3,0,0.9370572342676075,5.139495680135064,1,8.958421028745441,7,productive
229.33543961381744,2,1,0.7513003152411271,5.814374259186698,1,28.532011119784375,5,idle
146.32306856163632,3,0,0.5946559372540642,2.919446229988443,1,0.0,6,idle
181.1658034645243,1,0,0.9698994874254888,26.511317008225184,1,2.385662899927535,3,productive
245.0831836648663,2,0,0.37477951867234705,1.794318392713556,1,10.77577997782912,6,idle
190.28455876430206,3,0,0.9154934388626289,24.433383228336933,1,21.942422436130407,2,idle
303.3656925575955,2,0,0.7301464140582941,8.1410154364982,1,21.860527949082172,2,idle
194.55160430178887,2,1,0.8753059563176018,15.18486943022598,0,25.65377022589312,4,idle
182.25167827425625,1,0,0.9892867425004411,12.194586346806059,1,16.46298730826823,1,idle
244.34326407269964,0,0,0.8218689324133082,15.97421427381698,1,3.7451903383373306,1,productive
218.6812736320488,1,0,0.8190174968305678,0.9697194010267438,1,13.668181265558097,4,productive
194.31934812064333,2,0,0.8721388399155343,11.839482677375434,0,11.924924720280735,3,idle
313.43942733211543,3,1,0.40323874468801607,9.313932621656672,0,23.2338401812533,2,idle
202.56557013116708,2,0,0.44154880481041203,0.8815595887197238,0,13.590559573962743,6,idle
230.98347157607353,3,1,0.3807930824129221,5.481961664728183,1,24.788654262370915,5,idle
222.149425738399,1,1,0.4652669910643682,3.2452501745951414,1,11.56819340418101,4,idle
195.60760287968603,0,0,0.18734232822546498,6.097018888897133,1,12.217671983109792,3,idle
158.3516280055536,0,0,0.6505368023203377,28.541515135554818,0,23.899850165851362,3,procrastinating
286.66307946543174,3,1,0.6778651255410222,9.72172479778213,1,5.529320160191062,2,idle
177.5032153474911,2,1,0.8886150748425033,4.5910567664557975,1,14.64227440145838,9,productive
259.21589923464245,2,2,0.6525372174905205,34.50102496180835,1,13.31762529257584,3,procrastinating
199.67170110420196,3,0,0.7634786672936338,1.0450421894168604,0,27.26655406318912,2,idle
209.59956015185503,0,0,0.48511664152673595,4.198547725668084,1,2.813487344703688,2,idle
185.55608962167724,4,0,0.08043933634741722,9.42516891963151,1,4.878888874157614,6,idle
243.88779844613904,5,1,0.6310352275711192,5.25164772855797,0,27.803315835759257,3,idle
137.57524967221707,1,1,0.6372444128199787,17.747965923254448,1,31.90808201831117,4,procrastinating
297.44680185452984,4,1,0.9507922532227135,16.353172672882057,1,40.57313532568901,5,procrastinating
144.86537494561867,2,1,0.8503923641213003,15.003378839702679,1,14.45634177276127,2,productive
215.8611804908716,1,1,0.3766707060565903,1.0380722639754247,0,2.953094932364232,5,idle
252.72123890974441,2,0,0.6537525644627039,17.552267529283114,1,23.656086833906173,3,idle
119.3165077294863,2,1,0.48026569927059154,0.924876767952882,1,10.806863047620876,3,idle
206.420673587965,0,0,0.5854075397519076,4.322466221673886,1,32.305447493355594,5,procrastinating
223.54722587046294,1,1,0.824072420473819,11.932169328672376,1,27.534481675267365,3,idle
134.17950172416687,1,0,0.4731246419708345,24.677841978100613,0,17.186079416172543,5,idle
220.0075864250452,0,0,0.7085817986065701,17.74855272581273,1,17.79145958576216,3,idle
179.17852191387465,2,0,0.9607329387952084,1.5639208821625534,1,10.903387368128513,2,productive
204.32094673288904,2,0,0.807329072611946,13.093411255824442,0,4.943897696132632,3,idle
299.56231423893405,3,1,0.5868503873207846,1.199478172927337,1,16.319627446359178,5,idle
233.53490120343383,1,1,0.6880765651962528,0.5043653415026147,0,7.20148820806768,6,idle
209.26445687591308,1,0,0.34637986933779774,18.91831165553396,1,0.0,7,idle
191.28826488717075,1,0,0.655897272335716,3.4198044298357027,1,9.53895194420576,2,idle
148.867367845809,2,0,0.8347771733231983,1.5667959467770947,0,22.25734846651141,4,idle
186.85065488840468,3,1,0.5303966378065318,22.67652218154522,1,19.647190315818307,6,idle
200.27729459985324,1,0,0.822734303843176,1.0033818677547193,1,5.346651351603326,4,productive
229.00710991898902,4,0,0.932543352930585,20.079885375095454,1,16.073895079525848,5,idle
160.7680681035494,1,0,0.6661413010528905,3.0509283768455555,1,6.548586960268654,9,idle
265.66085483356017,5,1,0.748102646647393,25.16586461969427,1,8.119787178082474,3,procrastinating
199.63718947078013,2,1,0.9980125849498468,0.19801727709631106,1,14.406533780357085,6,productive
178.30118101192397,1,0,0.8867840358262435,9.85372065669362,0,11.283238084030629,5,idle
183.38811955116725,4,1,0.38143588072585694,52.662315465949675,1,22.681133194003,8,procrastinating
243.16478260581954,4,0,0.6560826192635373,16.82038761203471,0,28.598325622402587,4,idle
229.61402636317095,1,0,0.5532813944945739,0.7508420925941892,1,23.799940807285402,2,idle
289.9197113478045,3,0,0.8144776939494668,13.864681289998298,1,41.61447167966688,4,procrastinating
233.08834704778405,1,0,0.8161825862168094,2.7411609926628437,1,25.08531468063419,2,idle
262.67371423266644,1,0,0.857603991887729,7.002079277677027,1,15.192410279162075,2,idle
303.49705045125916,2,1,0.4345907895325712,0.012248123108697965,1,23.805156443667702,3,idle
189.4835091353691,3,2,0.9345345008423792,16.384269055740948,1,25.426376884594482,9,idle
239.2127817264607,1,0,0.8909230533272083,13.232975161136276,0,28.51574121020022,3,idle
202.1348300496826,2,0,0.6749404257203516,1.4560872111164764,1,35.20759255935147,2,procrastinating
255.77689544630263,2,0,0.9029493286865253,7.781647012454503,0,16.39206284301701,5,idle
183.000762981801,2,0,0.7304486825827735,0.9717358134318717,1,0.0,4,idle
280.9275025943643,2,1,0.23672306570666493,4.08614895080155,1,13.92943256202047,8,idle
237.1990592365141,1,0,0.8113841862111069,6.6878261054122055,1,12.318458615180612,4,productive
169.18363121336853,3,1,0.1710207110413255,14.7619000931664,1,6.655999874933405,4,idle
236.641047121217,1,1,0.312355338218457,25.881765062508983,1,24.24085693221957,1,procrastinating
190.3321012956792,1,0,0.9437679773997953,2.243025289017831,0,0.0,4,idle
214.57990978361926,2,0,0.2761436857822335,1.3016530601901803,0,8.201799730396385,4,idle
268.87560719898664,2,0,0.9731755551992604,1.6516508189961738,0,5.750893968180293,0,idle
272.44208151338484,1,0,0.6194600414905793,1.3378714984005136,0,22.00388192478851,4,idle
131.9073983700117,4,1,0.5441968318644166,5.220392045777993,1,17.796658550438593,6,idle
222.9769839102296,1,0,0.4494711088231291,4.6383097193242575,1,22.16240043514116,2,idle
194.74115550256363,1,1,0.769016364081708,28.569915419725746,0,15.716654309944985,1,procrastinating
233.73161097709863,2,2,0.6416525096571039,29.15392574930965,1,21.005734381013518,1,procrastinating
193.1563702313514,1,1,0.9677348591704703,3.230178793436507,1,24.984967124812364,3,idle
231.4691533837958,1,0,0.7165727121781114,16.959480533022262,1,8.137262392799313,2,idle
145.66068019937035,4,2,0.5512863597338115,13.692791994717005,0,37.38145884272248,5,procrastinating
228.3467936239429,4,0,0.5087582233575281,10.54892350689522,0,19.77290538151491,3,idle
172.7273823264495,2,1,0.8332889863070527,19.13686797115878,1,9.114782395742122,5,productive
229.05557768269426,2,1,0.6811568786272393,4.335047117314753,1,24.240176139231032,4,idle
202.8217185748501,0,0,0.24418656239100317,6.125874094965603,1,13.387792140678462,3,idle
265.84869392384724,3,1,0.7134372902947368,8.102688305554388,1,12.180264841464759,2,idle
284.8591339831788,0,0,0.4325226125751923,8.117216349343966,1,18.674479903326798,5,idle
180.21280282833388,3,0,0.7781897274505477,2.7443010389956113,1,10.4469224119204,4,productive
365.93522168156926,2,1,0.41889220376234804,12.376919752775983,0,12.046691780168949,2,idle
227.61473786723639,2,1,0.728329974689397,2.1981549884628153,0,32.38447085477587,3,procrastinating
224.72604088394033,2,2,0.23983817729200113,7.5852634982730205,0,11.058643408547523,3,idle
195.98938227440965,0,0,0.5252207031272702,1.205098815914372,1,17.65012921515066,3,idle
145.89049850941376,2,0,0.7402708855638397,8.98442240576313,1,9.997754628650089,2,idle
181.88075165964455,1,0,0.7325242530246465,6.444642603527477,1,10.515755786544743,6,idle
205.0502071835615,0,0,0.48792150467286344,20.006981575066067,0,24.720718385862405,3,idle
252.88317425963663,0,0,0.6511862619647428,3.398724938987523,0,27.82781355102258,6,idle
165.7486810360678,1,1,0.719720304098026,15.767153464524519,1,27.870151314394178,5,idle
160.74492646729368,1,1,0.8236529330280428,9.248696375370242,1,3.8954179758137233,3,productive
199.1393062701607,1,0,0.8228096021417516,14.078500417150945,1,20.689088827394507,3,idle
183.21987723794842,3,1,0.9096305040379148,3.354204742993521,1,19.320940191498803,4,idle
165.77346473479622,3,1,0.3275510674723589,1.1264365010611352,1,17.11149165940962,3,idle
213.97034704914682,4,0,0.7179021035034984,11.106507120783338,1,19.096788110343407,1,idle
182.87582835793287,0,0,0.6914795144546113,0.7544042268131406,0,2.014124032733223,2,idle
260.64999538421694,3,1,0.7778904551584471,12.178133443753271,0,20.83761572455337,4,idle
251.71739844601137,1,0,0.8379288385373821,7.396384915679635,1,2.5213695445606934,6,productive
107.88793523911805,2,1,0.8050567847800002,8.083018526483384,1,26.75924728213714,2,idle
194.33232130200716,2,1,0.6186737336675234,8.097326116960847,1,24.3889543528652,3,idle
202.61885687957746,2,1,0.930455879352754,11.386901834667405,0,32.59371162813248,4,procrastinating
264.7461265664209,2,0,0.9632160364797312,38.83084197570922,0,21.80396457153663,9,procrastinating
181.79157428722647,1,0,0.8144362789141665,1.6391472234552058,0,22.716212731160226,4,idle
197.62770864496812,5,2,0.28578526269350246,23.32469328361215,0,26.27749483201356,3,idle
261.6355847331296,2,1,0.7152811912038244,8.736756422941909,1,18.513573109692192,3,idle
262.19860383337806,5,1,0.831400202383001,23.27052031142525,1,25.958905669989477,3,idle
241.59830274118997,1,1,0.8340512145162416,7.79912395111365,1,22.12253805390165,5,idle
152.22428352235605,2,1,0.6899496483086909,0.11028361724903141,1,9.221904035999543,3,idle
278.50384955449556,3,1,0.7376115450284355,60.0,0,17.759277537693713,4,procrastinating
201.901650705789,0,0,0.8080648448216665,11.061813312084595,1,11.933081694901233,5,productive
193.07336845728287,3,1,0.8206810857702999,3.5761235003054734,1,28.125634883431104,6,idle
230.71571447977578,0,0,0.9023290560982594,0.10193450793190326,1,23.938281898020037,6,idle
275.49396573319984,0,0,0.38891376371369335,9.662000181028361,0,18.69451217510335,2,idle
220.8678099543951,2,2,0.5385874349195309,12.854086478957743,1,10.613933759932511,5,idle
208.30499982312423,6,1,0.8613396182628266,12.240137581744015,1,32.0428996809095,5,procrastinating
247.41898634573144,2,1,0.7110632120232161,7.942649042219931,0,20.47982722673682,5,idle
313.4716260940017,1,0,0.8247493792609344,33.37015606711301,1,29.071068306732702,6,procrastinating
167.7178900623557,0,0,0.7119414436052327,25.89905333180868,1,28.32831156217358,8,procrastinating
215.03201603439805,3,2,0.544798145368991,15.776770201389061,1,9.42482335597628,4,idle
324.27444149001576,3,0,0.5671072979926753,0.26891059118649646,1,27.162995833793637,6,idle
228.161928694141,0,0,0.6961592808831181,0.22025152464025982,0,16.477974172077538,3,idle
125.18245257061892,1,0,0.9466825060317905,12.04675529496337,0,12.335442368860537,3,idle
267.48534143392027,3,0,0.6038088116994969,10.25220832447545,1,19.829380984126644,1,idle
189.94852812870408,2,0,0.30225611463649094,60.0,1,15.961988403580435,2,procrastinating
152.83568824835325,3,0,0.9084749937656935,21.557072730626953,0,15.848137509356171,7,idle
238.5975525687954,2,0,0.4839175579622773,4.976480163696245,1,23.252917801268527,4,idle
196.57039480084526,1,0,0.6491638432157336,16.420532728593948,1,26.34905878552227,4,idle
191.8969535281268,1,0,0.4800004326033694,6.174931351628899,1,20.403839980551556,5,idle
185.8511807934454,1,1,0.7045886153307379,1.1029596674273732,1,20.225213631339948,4,idle
247.04059807499175,2,0,0.9575900348410249,6.951576409555743,1,11.193646402629692,4,productive
211.13363564735448,2,0,0.4383329414426126,12.226829347134801,0,26.703063723613713,4,idle
278.28912577594156,0,0,0.885215061944531,26.258536855006017,0,24.864345418976374,5,procrastinating
226.63250178031808,1,1,0.976146625680288,15.155662268985532,1,15.597638956664028,4,idle
188.37155270239992,1,0,0.8036744227964407,15.123413733985352,1,19.092688867472283,2,idle
256.9049734359601,3,3,0.9340368989844237,2.98724781050322,0,17.606559681735227,2,idle
259.4494193955091,3,1,0.6383248103740208,2.137374997534237,0,25.37473353063189,6,idle
114.0190331741527,2,1,0.6249443572491964,2.0667025081790746,1,6.041539807569148,8,idle
244.16419491308804,1,0,0.516013183661657,7.305450530000412,0,18.72002443759088,6,idle
197.16686084447844,2,0,0.7043566138190103,1.9485806113446826,1,8.003603419108046,3,idle
231.61851350721847,2,1,0.9130471031449213,10.118581224862593,1,36.13214017649524,4,procrastinating
231.0600309691244,2,0,0.6124481258860406,40.70828551415873,0,18.83913821586926,6,procrastinating
331.90508763146636,0,0,0.20282227332168978,17.887267410431726,1,5.228307613436579,3,idle
300.85887525284375,3,1,0.8824841392290038,8.885945917955963,1,26.279150846273676,3,idle
243.63315382079796,3,0,0.5381278290397876,7.374317174526054,1,31.801443599748175,4,procrastinating
183.46311359635266,1,0,0.4985996871168327,1.4894859534894107,1,23.05520539116526,4,idle
173.39588289404418,2,0,0.700334236511266,25.136688849661354,1,17.487727269314025,5,procrastinating
202.03964110449607,2,2,0.7291370674142329,1.622817048787644,0,16.51436905220915,7,idle
232.81713758893292,4,3,0.8318480807493868,3.8283891304620083,0,17.786969868626286,2,idle
197.99498260932347,2,0,0.4330310184317395,7.1212945231681335,1,34.05145284876639,6,procrastinating
171.4772090100964,4,2,0.7416026672197459,26.371805474240304,0,21.100545944854723,5,procrastinating
280.1691685600096,2,0,0.15220349489607435,10.945604688256045,0,15.762263333307097,5,idle
160.8290010917259,1,1,0.42859673761612477,6.132014458887475,1,16.27813464271906,6,idle
244.11191241745922,1,0,0.5182460643945612,41.72067890061968,1,12.207788839716347,9,procrastinating
156.02520137394026,1,0,0.7483564868863474,10.614875343563822,1,7.5123202981959185,4,idle
217.9366715169769,4,1,0.58633225020631,9.088707045119921,1,29.023493632457246,5,idle
170.59211212805502,7,1,0.2787630967781261,10.4388608054102,1,24.629924998123702,5,idle
215.29238053199538,1,0,0.4777111243353734,27.717477697521147,1,21.1497780105599,7,procrastinating
166.88242489883942,2,0,0.6487597477496301,45.58068736758081,0,16.269861913743203,5,procrastinating
125.34984079763676,1,0,0.9136268014137415,36.48566851408577,1,26.942143931478686,6,procrastinating
218.2054227369169,0,0,0.8939717238220309,20.96447507429403,0,3.549894500199615,3,idle
185.3178473876156,3,0,0.6516214116542848,0.9356276095344163,0,27.3150273228254,5,idle
207.63142636023966,2,0,0.8730635960683345,8.234578621583932,1,28.551553764001845,3,idle
352.80257357828907,2,0,0.8661644187031202,2.2839438243446044,0,17.139265401430468,3,idle
360.0391582918844,3,0,0.742238116330751,54.7027521532888,0,16.14035607282211,6,procrastinating
282.15173983570463,0,0,0.22368957446056528,8.822945395380827,1,18.35283699866632,6,idle
255.58033039297575,2,0,0.6283330237597833,9.878508625916268,1,17.902778681344188,6,idle
293.0035442815054,2,0,0.7943581968676723,26.95794152655592,1,16.72573542085972,3,procrastinating
194.87353671853694,1,0,0.8037465485122491,2.871024428838719,1,2.7793863016076603,4,productive
232.44377199619026,3,0,0.9640212372638468,38.73664889389338,0,15.558789368330881,4,procrastinating
161.49782653197678,2,0,0.5915202774175886,13.50583729931192,0,30.813070441196828,3,procrastinating
235.96203269743654,1,0,0.895651816894697,0.9945214104606692,0,0.0,3,idle
213.8936181873408,2,1,0.9392966421507807,2.1748063810027913,0,7.952361803844006,6,idle
227.27049817718438,2,0,0.559383485228966,3.8072593731756177,1,6.832172018573157,3,idle
270.0628840977214,4,1,0.8091603591021896,3.0237213378889036,1,6.524628537837319,1,productive
285.23060348766006,0,0,0.7749607580505619,43.33188365109509,0,27.641994952675642,2,procrastinating
195.91465207909107,1,0,0.1603998081058101,3.032658946847283,0,17.493710319295122,2,idle
215.55986831333973,1,0,0.9348251639578016,7.063113517639055,1,11.541392808699712,5,productive
279.6478096271514,1,0,0.7339124296913399,6.054313112668646,1,26.319285985619935,6,idle
205.1449870441244,0,0,0.5199530413918549,2.64958764653505,1,11.231372151260853,3,idle
255.15289007496258,2,0,0.8771534473254763,2.910642073495049,1,17.287751735030046,5,idle
249.94523013718194,1,1,0.15242951406978386,5.375333507121525,1,12.15501608065648,2,idle
213.98924057580868,1,0,0.5794191620911652,4.522798629634945,1,12.45205643273904,3,idle
150.39398568268965,1,0,0.9009253749475528,28.44277828539599,1,21.535112939436846,4,procrastinating
220.72730903647528,1,0,0.3065505070635756,60.0,0,13.708738646360333,6,procrastinating
263.8497657054005,1,0,0.5339428421568017,0.9832004223489584,1,20.99195909690781,9,idle
189.0820843377654,3,1,0.7069519155078767,1.54406184990134,0,42.764773636271634,4,procrastinating
158.8497279918426,4,0,0.7826454146923864,6.126509027541871,1,12.920779205844738,3,productive
221.18225811963066,4,2,0.7010107312846952,1.525511995039716,1,21.05462950865315,5,idle
225.78117664791074,1,0,0.48270681080820943,6.533904511729757,1,16.54165728379609,4,idle
204.05654783790408,2,1,0.9831104432343422,12.342100291403142,0,25.909856473248208,5,idle
186.3459662333037,2,1,0.4693806151921067,3.4582319084150357,1,3.549359189210705,0,idle
183.67998003930234,3,0,0.3969334973400521,27.118883483112647,0,10.71294236374503,3,procrastinating
168.18387609443587,1,0,0.6011404745000762,0.2962553404123881,1,16.535760035542282,1,idle
227.92873888243568,1,1,0.6121248731229226,10.253134875701711,1,21.144627923098145,4,idle
148.9841464981215,7,1,0.7064865603439369,2.919136605183928,0,27.026567240851243,4,idle
132.97876260970935,1,0,0.7610991717309139,2.100841336143199,1,26.01224247848447,7,idle
217.1369368362626,1,0,0.3966051451296838,16.19067595636428,1,19.54580596570061,7,idle
305.9619027973033,1,0,0.693074229720586,8.23261731077249,0,14.697065145065407,4,idle
332.46001244399537,2,0,0.8236230892481075,6.513834569424159,0,23.975441650132773,4,idle
121.22111783647293,3,0,0.4350529929154966,12.239940015367992,1,33.025472365730124,10,procrastinating
234.29158135460875,1,0,0.6191911722781895,14.416391280659782,1,27.23381790932667,7,idle
234.44279310446134,1,1,0.6160176411013266,1.2071345703177356,0,0.0,3,idle
253.36850389847893,2,1,0.3401588170569723,8.488231954283584,0,27.384900178780143,4,idle
266.41767604185526,0,0,0.3989091066999498,6.538192472478146,1,14.613607322958977,0,idle
200.09412463044038,2,0,0.9759673414991017,1.3433558430701558,0,20.230875030808157,6,idle
198.64784817988587,3,0,0.8415904155672881,31.504503463788307,1,29.46743337293737,3,procrastinating
210.45167127337788,0,0,0.945734482834459,19.534764827150468,1,35.025019500480084,5,procrastinating
231.61297720283724,4,1,0.4017207931598993,8.483458119503862,0,23.36940739126959,4,idle
121.93646014906217,1,1,0.21734686096824424,24.683172011306343,1,25.085451102960977,6,idle
184.59819037615455,3,0,0.2729499971557751,18.257809781497002,1,29.026629388966533,1,idle
157.65438800187022,0,0,0.9122417532205729,6.718640954555115,1,9.301152938385055,6,productive
209.04709015647765,4,0,0.9158680331353296,5.305577551230392,1,9.553395862067324,4,productive
224.89822571765063,3,3,0.22193598303590148,3.630241899573752,1,20.27842761702458,4,idle
193.5076687748823,0,0,0.31991312439803,15.155964089346071,1,9.889905424536419,5,idle
248.721393310721,1,0,0.6653290011531344,60.0,0,31.06313292607271,4,procrastinating
198.903121520967,1,0,0.5287061356957679,5.958663586052447,1,19.822146624765793,7,idle
277.07398937703044,1,0,0.9557392498711019,28.131784190388856,0,23.792876221531138,4,procrastinating
192.0273880345389,2,0,0.8994056789059319,3.118073642303451,1,18.87433374681364,1,idle
224.63428315425648,3,2,0.3765207146439715,33.94606703326977,1,0.0,3,procrastinating
180.55736157864303,1,0,0.7141500986530099,4.443784047663083,0,0.0,2,idle
209.13947619154277,2,1,0.5019617960327489,9.760366720523404,1,13.445849781978335,3,idle
254.682374220181,1,0,0.7149915814352207,0.05526134680962225,0,33.60126467280743,7,procrastinating
204.1681548443849,1,0,0.3658815124776549,24.67653088456887,0,16.959933856663003,7,idle
202.31263165406523,3,1,0.6651092695213334,4.034251865634086,0,15.002878775435343,3,idle
245.56926407125232,0,0,0.6467883857488655,12.434255343504152,0,8.389175121227666,3,idle
259.13171582469573,1,0,0.6488768190220205,1.587052426793481,0,15.617266445630083,3,idle
191.7712531235714,1,0,0.8712058378529471,13.810499736116213,1,22.013149644226093,2,idle
234.13997715906567,4,0,0.25196323896541284,14.081440174104586,1,23.4396024406334,3,idle
114.09084030066592,2,0,0.9623414210154179,3.53772035587379,1,11.034240935075005,4,productive
221.83845102449797,1,0,0.8856162466215,35.87562614236028,1,0.0,5,productive
152.80239065275944,3,1,0.5013465665162555,10.724054153977175,1,15.99620471646644,2,idle
251.8095050983511,3,1,0.4363703249021239,56.10678617430692,0,29.455618868424256,4,procrastinating
123.08642143819286,1,0,0.7395740740137926,3.542678716679359,1,11.725741460278154,4,idle
211.08969032718286,1,1,0.9870877462693541,1.3584104866420899,1,6.467659003698049,4,productive
155.38388072946537,3,1,0.8311336572624448,18.24055561696558,1,17.081840116613826,2,idle
218.4661630675173,1,0,0.689063512316092,9.351639439631343,1,10.957079869229798,3,idle
184.2481245356656,1,0,0.631941479354024,3.0716750235779138,0,18.525785416741687,2,idle
333.5303084148783,2,0,0.799767750254298,36.815928648776186,1,23.87171106676967,4,procrastinating
215.62292907075187,2,0,0.8888812120921324,25.450664683038436,1,4.362638326785275,2,productive
162.06392303305358,2,1,0.7967283258473108,7.419359839847999,1,17.491132701079078,1,idle
237.1374164056497,3,0,0.6213845066580864,1.6200226454819506,1,17.82278029916335,3,idle
162.23395633852604,4,0,0.9337177906231805,3.5416452814713595,1,33.9368397366169,6,procrastinating
141.7606276925864,0,0,0.5553826747019802,7.878542901436953,0,13.639648346462995,6,idle
224.81771273826868,1,0,0.6178314807565813,32.36326616717398,1,19.874977000185986,5,procrastinating
120.737057573812,2,1,0.8330568247135507,0.9085206628701283,0,35.076312181112186,3,procrastinating
217.52115526668518,4,1,0.6808728286513197,0.06862247892198337,0,26.772031842586536,6,idle
201.9497700216566,4,2,0.7186020610916247,7.3247393947031,0,0.7489223315101547,5,idle
263.0207621640138,1,0,0.42126195703459346,2.675726581648738,0,23.100974508662425,4,idle
190.04664062745042,0,0,0.7707430810840021,27.379753619460246,1,7.333302442569099,5,productive
243.25292553419786,1,0,0.9829340081029888,15.0847709670403,1,10.560900487296053,4,productive
203.03181953244783,1,0,0.8681671437213049,6.921874543814533,1,32.92020056372273,3,procrastinating
206.12749604823563,3,3,0.9438544258413121,9.702679649542508,1,22.02141545389946,4,idle
194.89094226646117,3,1,0.9532903967063828,26.30367257637471,0,20.54841310993909,6,procrastinating
203.8516779322924,3,0,0.7282168519821404,20.8370238676018,1,29.882241970784946,1,idle
214.17493912353075,2,0,0.7726828425798306,4.058245414927575,1,12.668441819262291,2,productive
218.53734563908137,1,0,0.7910497056464688,8.818942434645786,1,8.262088761051396,1,productive
117.80976348281568,2,0,0.5611507455451498,0.670844035224254,0,24.885091298529396,10,idle
245.2703735181215,1,1,0.7383216786380585,3.4549695421806432,1,8.60273945151284,6,idle
199.5156947289227,2,1,0.741363063445901,2.686128111968065,1,1.2238201963646418,6,idle
156.7014857665243,1,0,0.4068721237345746,12.537391322475681,1,5.408867532408323,1,idle
201.09912193824618,2,0,0.40504109911602687,11.181284606671705,0,19.15507111985703,6,idle
171.53972448241922,2,1,0.30355224728843605,14.865420069570062,1,21.142127018148628,10,idle
211.06188731393607,2,0,0.19025008635522617,1.8377922707677246,0,12.224949431425884,2,idle
202.32945892156584,0,0,0.8851849803530012,3.855360867897839,0,32.519952599068084,6,procrastinating
161.86501800119268,2,1,0.08158329808430355,13.199452740583599,1,8.50994193177207,4,idle
220.16274355968378,0,0,0.45949030808370084,10.753277937546489,1,7.113208571460316,2,idle
170.9553225735125,0,0,0.585583476676247,0.8421313318123858,1,20.684784561029822,6,idle
228.82868574769861,5,2,0.6087173454103002,20.194869425903057,1,12.666105863760233,1,idle
106.26338316073296,5,3,0.9697107346675088,0.5693434113136919,1,0.0,3,productive
217.29700198929163,3,1,0.6425996262697076,25.188250291350997,0,21.62919504281453,1,procrastinating
183.9521495573762,0,0,0.6565539464037738,4.875813224273375,1,11.665799482701384,6,idle
192.03219144551542,2,1,0.894408646339479,55.635992106002156,0,16.60668554996543,2,procrastinating
276.9552494460137,6,1,0.8410820923698349,2.257264975205461,1,13.262819586348549,5,productive
193.8982416441629,4,1,0.319085646029168,0.020920943886055126,1,27.997346454176164,4,idle
226.03939022793404,3,1,0.3886138837637056,13.782077885239953,1,10.785245889736066,6,idle
256.40769885608853,1,0,0.40795306668473297,8.115925431281557,0,21.3109636150971,6,idle
278.5144391764711,2,0,0.2190935004289252,25.538263525104107,1,20.511367665871955,0,procrastinating
164.25834995187196,3,1,0.32244207571421163,5.877151049999545,0,14.602976673036244,4,idle
260.7786638339688,5,0,0.4067900135993784,15.915308561702144,1,28.922336680241266,5,idle
168.27381302845015,3,0,0.663667461971728,60.0,1,14.010477372345653,4,procrastinating
156.32528776368738,1,1,0.8843536609622149,1.0974907837648904,1,37.28129899536718,4,procrastinating
271.86867378929503,1,0,0.9509654147990654,24.847123323347233,0,12.678587590917402,4,idle
178.35433720202346,3,1,0.720801561489738,54.17670427867789,1,15.703391781667648,4,procrastinating
220.98931818581855,3,1,0.5627526377403986,4.403309374164892,0,19.66082256467951,4,idle
256.4555659850557,1,0,0.7081440999896113,11.635611261218411,1,26.76235338579437,5,idle
282.76229559853675,2,0,0.8585669547117719,17.094451140486555,1,23.168733587663297,2,idle
207.5326393233285,6,2,0.4944575655950331,1.9316187497823525,0,19.351732010862616,5,idle
198.83948932776,0,0,0.7605833467416666,11.452121440332027,0,14.474260652149056,4,idle
192.14737725615865,2,1,0.3190869711838851,2.5921806779426966,1,14.40561029611839,3,idle
208.4903837697601,0,0,0.6695970838435241,2.8279620740528353,1,15.571115660668776,3,idle
256.4813120662228,0,0,0.693484741977711,4.435690425698022,1,26.11554283409319,2,idle
120.45799920277689,2,0,0.8042892352732285,10.506648234600117,1,24.01151793931298,3,idle
197.48848273004418,1,1,0.9464762917796088,4.453534758010227,1,7.635677171234635,5,productive
244.45629417488618,1,0,0.9693093895643949,8.979422243677428,0,20.995870590873405,6,idle
243.48673056012007,2,1,0.5447939390410212,8.989898100636879,0,27.112751752057576,0,idle
132.45630042155955,2,0,0.8472932648985968,31.844098862731805,1,22.418373472838763,2,procrastinating
256.36765918408855,1,1,0.9748098139138477,1.1233564367894484,0,27.290791587363916,4,idle
212.68716468118214,0,0,0.3245966317264958,1.5605833084922422,1,20.81907313167899,4,idle
167.96028730996008,3,2,0.8122499964348447,17.664914410529047,0,11.414044652356301,3,idle
162.1901488400207,0,0,0.6805924305076331,3.1397999922996824,0,6.057140797367792,3,idle
181.67493627167977,2,0,0.7876037813464318,25.232825125714577,0,20.88225751340542,7,procrastinating
196.39720088122354,1,0,0.8492617514249188,8.090867274206328,0,19.67395099419225,5,idle
256.7837502698648,2,0,0.39614580967602603,0.12625341318707528,1,9.771149197927532,1,idle
168.10636562523206,3,1,0.9882578756112553,4.4919948506234935,1,24.89585722695921,4,idle
152.5066913711888,4,1,0.8756867116665856,4.944280453797778,1,25.6813789421611,5,idle
167.50559883274602,0,0,0.8537022543916917,22.37923807935738,1,20.017040601323913,5,idle
195.65366596678197,3,1,0.9263793483470675,2.9252395945692573,0,20.96634277053174,2,idle
116.20781024002984,4,4,0.49443963552919,22.54866872631539,1,12.277090304400918,4,idle
267.164019511163,1,0,0.30699409672458955,4.078615690188481,0,23.753076499281896,4,idle
211.3894988841287,0,0,0.9077958598057,29.842789184404616,1,35.84798409818353,3,procrastinating
239.39291334644872,1,0,0.45335992889439797,13.674073304877801,1,22.629520081278002,6,idle
235.12561060278108,1,0,0.08689672465682656,24.43854395128124,1,12.103226358464461,6,idle
216.13788914670457,4,0,0.9823298178533748,15.661585995869459,0,23.6372538757061,4,idle
194.8197714988472,4,3,0.9191681252788043,10.720996013710309,1,17.009914687785763,0,idle
149.82757271016928,2,2,0.794806678359311,10.813675529090853,1,14.974166999970706,5,productive
191.4829071436918,3,1,0.2972238417060692,12.7932144962896,1,14.481710664950947,3,idle
205.1500712716577,2,2,0.387250395753384,13.187642413978843,0,26.013941789115883,5,idle
233.53128134179426,1,0,0.9593388155376945,1.2922119762394435,1,32.02942782731727,6,procrastinating
253.02674903917193,2,1,0.951928633595873,0.959007280120765,1,18.138899605401402,3,idle
264.14942666859133,2,1,0.7789126007525027,60.0,0,20.62996501463642,5,procrastinating
166.069581518059,2,0,0.8334762892320332,29.94138801412926,1,23.040274566841745,1,procrastinating
206.61813433114887,2,0,0.7896604996231085,0.5919502832896074,1,9.41360443543124,2,productive
225.8762962279407,2,0,0.5256603418830001,20.50977274762182,0,26.426375388499856,5,idle
212.20668576966077,1,0,0.4839381265966603,9.430740181965579,1,14.594673697493343,2,idle
267.8707860195733,3,2,0.5587187418682446,2.6285703849406596,0,16.131416360692853,4,idle
197.97486143614304,4,1,0.8524410961034654,9.43579538859007,0,30.124717447806837,4,procrastinating
269.5907109943323,1,1,0.922619534269287,5.92991523806189,1,12.406071151272798,9,productive
197.95836352017105,1,0,0.6117405716104546,16.071190073924967,0,16.304585619729853,2,idle
188.87671997904084,2,0,0.739640291942096,12.51434259377989,1,0.0,2,idle
145.8409673349145,3,1,0.2820342550474008,22.672769093866783,1,16.691422714617147,4,idle
246.24714477661234,1,0,0.6783775365529091,7.6243850339464565,1,11.441656999887023,3,idle
270.964611293569,2,1,0.9536187010445616,4.5509451294412395,1,30.140015796767507,3,procrastinating
247.15016316601617,1,0,0.504502811591412,2.7533385959139878,0,14.189483543465936,2,idle
198.35896842878185,0,0,0.758150237117306,25.437183036442327,1,19.85076520264369,6,procrastinating
244.0874785990418,2,0,0.4984575372711272,5.213788306948397,1,4.6180534829478255,6,idle
178.29949336054378,3,0,0.5612668741490275,48.469915157208156,1,16.03413703544984,4,procrastinating
264.50933283232325,2,1,0.3891219948751104,2.351205219409165,1,15.672122182576347,1,idle
127.09946216844303,2,1,0.5089775000241467,4.53497591729176,1,0.0,2,idle
193.4289496142615,2,2,0.8983891355405119,23.448807407322775,1,12.794763082160934,4,productive
140.34033464654635,1,0,0.13838881162377217,39.73376054628997,1,15.14601758410705,3,procrastinating
189.6747478207041,3,0,0.621586084673658,5.2861622289857895,1,12.120825383834129,7,idle
158.81059206049127,2,1,0.5517420400789884,14.932435233104826,1,17.992502496444832,7,idle
203.8855461475266,2,1,0.7029074484273464,10.02936365796057,1,39.356808527773566,2,procrastinating
238.54705922050914,2,0,0.4773481459560064,3.396729839294327,0,19.438717294188944,5,idle
209.3898936886297,3,2,0.3031166569613917,6.196668156823613,1,10.505460055972767,1,idle
226.915357229758,1,1,0.49383297561290623,3.6060748659414408,1,13.923597304042664,1,idle
199.35379412131104,7,0,0.8492621311712175,2.786965667218459,0,18.02870952830324,8,idle
254.06136012208088,2,1,0.6198321845985364,9.703200077563864,1,33.283798146200716,5,procrastinating
259.2186689088847,1,0,0.8714785083918752,37.823751730577236,1,23.687180882172996,6,procrastinating
147.73700296946492,1,0,0.8161018369385934,5.570846671147472,1,12.146602291307799,7,productive
255.45602472895735,3,0,0.6287132345773834,24.865529472818203,1,17.40322563325732,0,idle
249.26984068043393,3,0,0.8070013205602287,19.51345220197068,1,12.017234062517513,7,productive
256.692555081707,0,0,0.7421655581665783,20.995606149081375,0,20.755221750606808,6,idle
223.61464657359875,3,1,0.7109567795327179,4.497964746791847,1,29.143550739341055,1,idle
151.5847133417568,0,0,0.9511159930905263,20.26796300262437,1,2.766298309059083,2,productive
248.1538673156215,2,1,0.6917301995804184,3.287242223034431,1,20.346194055875163,3,idle
197.90056202842572,4,0,0.7530998080293013,23.55968909144837,1,41.57997799212259,13,procrastinating
223.58923464026986,2,0,0.4832089959037601,1.018839359630722,1,34.4943581837379,5,procrastinating
107.76425256220493,1,0,0.6724947658776143,14.852523874291034,1,37.47356503002359,3,procrastinating
244.092224444364,1,0,0.8043336944831918,33.64677759920757,0,10.545409984840875,3,procrastinating
249.42230334355384,2,1,0.9021182667480986,6.951554928919673,1,27.92815841964093,2,idle
307.0298997006606,4,0,0.9451678819831566,3.661261706097979,0,27.040841246677267,9,idle
267.99161503330237,1,0,0.941640587804053,25.595310350148843,1,18.7438796255995,6,procrastinating
203.5859161788369,3,1,0.7282899736043197,6.908641670761513,1,19.23325597584171,2,idle
284.9657116256317,2,1,0.8244403894301632,18.2059395206794,0,21.833820915364576,3,idle
147.89485666051144,1,1,0.8817761292259338,12.506756452274125,0,22.660568493173898,5,idle
383.6072853070338,2,0,0.7575621335120977,16.262397461469515,0,18.077748967738923,1,idle
348.40082520445907,3,1,0.8800980872819796,4.2799366947531325,1,2.098420302684273,5,productive
247.38688036626883,3,1,0.15690883875813394,8.804514994959565,1,14.890151235727787,7,idle
170.47793246062213,4,0,0.9046056232890433,9.552904331709236,0,21.947201479954103,4,idle
216.29379925924567,1,0,0.4614079821139815,1.4276455861900625,1,19.600455176818798,3,idle
242.06425231685859,5,3,0.8757065121570413,23.857701941802638,1,9.12614397563869,6,productive
226.18306845377757,2,0,0.5307245923442854,0.9638973672067,1,25.18710538190574,5,idle
242.07366005353936,1,1,0.6510649510222164,56.334725320113726,1,13.937749919133765,5,procrastinating
258.09535563383434,3,2,0.7504193928048857,1.898469286753083,1,13.953136886589053,2,productive
187.7171720320577,2,1,0.7646161169904143,3.395485475032443,1,17.583741885603235,2,idle
215.9833026196337,2,0,0.49394583486648375,2.7925080672375375,0,25.594369240587614,3,idle
206.26956637478978,3,0,0.6330110218913286,3.8968762251768734,1,12.069653456830636,5,idle
219.6398571360074,1,0,0.8242665917982155,6.092386079636929,1,33.9523186266207,4,procrastinating
241.17132257093272,3,0,0.6889642956383285,1.686066836614899,1,13.768482859772114,3,idle
124.13168475885284,1,1,0.8047829379893724,12.90859138880224,1,17.83280634804514,2,idle
215.2439992226322,3,0,0.8380489301402522,37.55211519829361,1,18.444317790736328,3,procrastinating
288.98283745544177,1,0,0.6875031082422668,10.465913882061315,1,12.597410708233973,5,idle
192.1995464313431,5,2,0.6508716613090808,10.589261914979396,1,17.273012611248063,2,idle
168.03374444571728,3,1,0.6025693890278688,9.879032758115033,1,22.85462577406953,8,idle
179.6895950340348,1,0,0.9233147013790852,6.99198923797895,1,21.176680028637655,4,idle
242.15394215962635,4,1,0.9060332625979314,4.281769628235606,1,8.006285823063905,1,productive
129.44982364157295,1,0,0.8091385482330626,5.801081661649214,1,15.70270196375856,9,idle
220.09362838296497,2,1,0.9656074835536923,1.7909689056190465,0,27.281074797888166,4,idle
65.55200781098793,1,1,0.39609502602627655,11.516373683632345,1,26.788911611309345,4,idle
278.5613174210788,1,0,0.5139995360863194,3.031659399766258,1,17.95081240989967,1,idle
206.86729533831536,0,0,0.5642669336083678,15.302774134726953,1,25.228589208612405,6,idle
271.45155896366924,2,1,0.6384774926981284,5.19331685043438,0,11.388392145056908,9,idle
184.85870989274596,1,0,0.29285090610140085,18.176946396181187,0,21.308269467069167,5,idle
222.39270641735303,1,0,0.7452234174634201,3.5199592307681002,0,18.2883646942865,2,idle
318.04132400945764,0,0,0.7982514706293482,10.487678069541397,1,16.628267372923858,2,idle
164.50341955700384,3,0,0.5322960643135316,2.571758379841216,1,19.967697196032752,3,idle
252.41280956270512,0,0,0.7997310104383976,38.035673063360576,0,18.66607051471454,3,procrastinating
110.03201293347641,0,0,0.14343750270701644,11.797489227606828,1,16.381420789483247,6,idle
93.6404584950253,3,0,0.6769261214599808,15.546113869639788,1,21.136816823809568,6,idle
241.0014612971075,2,2,0.3971493038911001,8.662962549964938,1,16.047110408401803,1,idle
211.85735583912148,0,0,0.9257078024093023,18.81618474484639,1,25.276544316305532,9,idle
187.60229919944177,2,0,0.7268855211717081,17.776649715795635,0,15.802447918378615,3,idle
209.55687206378335,1,0,0.15459197174442146,0.4821718746281232,0,17.388321308986495,4,idle
186.70528543262785,1,0,0.8324741417196913,5.583588894067557,1,21.038207610504028,5,idle
223.59795713437225,0,0,0.16205285414168943,33.65148385786397,1,16.863566179868247,3,procrastinating
244.80484488948943,1,0,0.5070916049513958,18.66126360829063,0,6.281239331377687,4,idle
254.46939818189082,6,0,0.5569493649861023,7.88323168600515,1,27.14753452113367,3,idle
210.7920093115394,4,1,0.3390861707987531,1.781330331848999,1,2.4274270826046394,7,idle
246.89127693089003,3,1,0.5602833081899478,13.112486473655164,1,19.727038500611258,5,idle
240.94918631076595,3,0,0.26633000337670315,5.936742458884771,1,16.58261781498441,1,idle
227.6921186512099,6,3,0.68491393846411,2.9003551576911053,0,16.838620046162376,3,idle
187.01115629304482,1,0,0.8404752281746595,4.613575151468016,1,3.515686869215351,4,productive
86.1583051794933,2,0,0.25599391030301527,6.803950854975167,1,21.02368802863078,1,idle
201.3568912992351,0,0,0.23373170858158024,16.598898837296282,0,12.597797951458702,2,idle
199.4668999185404,0,0,0.38867731675171474,8.992772031791663,1,0.0,3,idle
137.93637263123165,3,0,0.7645018641036858,10.284816522674333,0,23.99030715549478,2,idle
245.59617673583494,1,0,0.8052452474294233,52.21457278223094,1,6.531934092018458,3,productive
210.5790097883126,3,0,0.2269375462166283,37.31017036919858,0,25.036385341532007,6,procrastinating
149.3169652011696,3,1,0.7558681729996977,1.867226646899727,1,10.686584673620363,2,productive
248.97266277698125,3,1,0.5553583393572007,10.783147194843334,1,21.007446287603,5,idle
245.608274118007,1,0,0.7467471953881746,12.560546690157183,0,12.321115075684542,6,idle
262.96286311608367,3,1,0.8387570622735995,33.23680679322884,0,25.440642203032198,4,procrastinating
157.55557199233934,6,1,0.8462366133788347,7.265616896407913,1,14.689726066769683,6,productive
234.2210743877051,0,0,0.8026366720706921,11.864649765606364,1,17.67214825447285,3,idle
172.07127517309613,2,1,0.5148661145405974,15.88133356521281,1,24.43063155393348,4,idle
80.6264004060512,4,3,0.5165771383916594,17.52222451630655,1,8.845592737234854,2,idle
186.21724637493003,2,0,0.7471007506203474,7.325867736088565,1,21.751613836422038,1,idle
195.55099541804313,1,0,0.8283289726533023,7.942083133840063,0,18.957090728252194,2,idle
308.20241598755257,2,0,0.5812163848781532,58.33444907727351,1,18.978074229391,1,procrastinating
224.7916105232776,2,0,0.8873931194381838,35.766231490503586,1,22.821534255769055,6,procrastinating
275.16006393942223,4,0,0.38501185889915895,1.5226440467943994,1,9.534412344878469,6,idle
190.3220740855279,2,0,0.2969619188390313,45.82617739529637,0,21.54979052623551,3,procrastinating
251.01635183086447,1,0,0.60562329032352,5.984163607242922,1,0.0,7,idle
159.29272723542917,4,1,0.2501866486714844,1.2249078633435448,1,22.088030115035437,4,idle
260.16302516842006,1,0,0.48106603516586616,2.9289525852130547,1,13.953064684220475,2,idle
154.80446557566867,3,0,0.7813469641341211,19.42285519248849,1,22.786333419125157,3,idle
270.9872652689778,4,1,0.9113082550399733,7.692762202977291,0,9.992849142259736,1,idle
206.00140498122505,0,0,0.7614702943959338,8.836179656125504,1,14.048581982348864,5,productive
178.72728943182068,0,0,0.8860753696331296,3.900780324489535,1,32.926892901860896,4,procrastinating
164.34875816861856,2,0,0.21181054592097684,6.32085282269416,0,30.625363833658668,2,procrastinating
249.2047206173309,2,0,0.7927872935735064,5.324057837196338,0,13.837646898590602,3,idle
168.6234347549391,1,0,0.40570913368868755,2.3399339582918546,1,17.099513594085668,4,idle
222.94340046418637,0,0,0.6054396099080805,3.326386406703293,1,3.647258421393156,2,idle
186.02434322478257,2,0,0.4387622385465251,15.15350508445994,0,30.79581972105673,10,procrastinating
217.45388037249296,2,0,0.5722441634796358,8.785779394306854,0,34.850821418992574,5,procrastinating
210.75025680404713,1,1,0.7644679762045062,48.247112304002286,1,12.258784279649294,1,productive
181.58554867982588,2,1,0.41875831211018083,29.50426401687143,1,11.85089277590108,1,procrastinating
164.81928869945307,2,1,0.6539598242464271,8.318204946881627,0,10.467260702167797,3,idle
150.955566081301,4,1,0.9052123253053611,2.0294775967872845,0,18.108121859970584,3,idle
230.10718110584153,3,0,0.5949662256907545,10.563960620759596,1,28.227443136170322,4,idle
216.68393937092543,2,1,0.41221979118746577,6.158401964217667,0,15.56049962258319,4,idle
292.6338672139776,2,0,0.8792975937116204,17.462910534073945,1,0.0,6,productive
216.2850410319885,3,2,0.9963624763731328,41.54934431098314,1,32.63682230389553,5,procrastinating
130.56627671928075,1,0,0.4942843361485096,60.0,1,37.061883108624784,8,procrastinating
275.1421823802459,5,2,0.6259159102090471,28.930261236955943,1,1.1813854336967786,5,procrastinating
158.61995875162842,2,1,0.7199547142776309,10.900375285584541,1,4.399132874458713,8,idle
243.58809691662142,2,1,0.30705043820102834,4.452799059944948,1,28.292510883827134,1,idle
188.89374883135758,2,0,0.9672192171631109,10.418717617479276,0,7.335817727508017,2,idle
245.4141659359671,0,0,0.02587872448449354,24.812581449063217,1,16.16828183249595,3,idle
201.80906243290278,2,1,0.645319493122899,33.978349385403604,0,23.589576660447058,4,procrastinating
164.8478677021481,0,0,0.486672843058649,4.922130542425544,0,15.54460087786396,5,idle
167.83850500175188,1,0,0.19078378542182725,4.7268855557046106,1,27.08983281563044,4,idle
167.50782298031885,3,1,0.6177999081806903,12.698201572258178,1,24.57933381351512,5,idle
177.26154371154732,1,0,0.9511921927961307,6.676267240426096,1,33.61255281023931,1,procrastinating
302.9468761779028,4,1,0.745458581942351,15.589650343540601,0,20.32885042946721,3,idle
216.12275820778163,3,0,0.6965279298425454,9.369494916301623,1,21.52503394757992,2,idle
219.0816238723527,1,0,0.6711823743069003,8.559047230981117,1,21.513361629032033,4,idle
267.1839707015507,6,1,0.4238072460678454,0.8057823643893152,0,1.6035692370323318,3,idle
164.84364593798125,5,0,0.28340023098302347,41.50915122353328,1,17.82810241211371,3,procrastinating
177.04479853882233,1,1,0.7572316203538323,16.643433410834184,0,23.775490717879737,4,idle
180.84035491296547,1,1,0.7676965602711545,39.97306065680949,0,11.737193434290987,5,procrastinating
174.6515352754338,1,0,0.519025738787965,2.2320571067705575,1,7.529444669620634,4,idle
288.0629032437065,1,0,0.9379410223446762,0.3036173729617978,0,11.546274752307216,7,idle
189.92307632554213,4,0,0.6708818697459831,2.322691437208211,1,30.973052567047397,3,procrastinating
154.20358522713332,2,1,0.8490435960725401,1.163685436182268,1,30.847524910301296,9,procrastinating
196.86960991213434,2,0,0.16339634611270493,16.67704453448316,0,12.284402153877036,4,idle
180.2937328120733,5,0,0.6273401255035754,12.340293384952929,0,7.822123897178328,2,idle
160.86910507789148,4,0,0.9884356931738806,0.8370324197775998,0,40.97826570126552,3,procrastinating
235.41856107249498,3,1,0.6912833002535594,5.5684607336004674,1,21.64508687050712,2,idle
122.49568729670337,2,0,0.6279124093657396,5.552345658868329,1,14.14662224268783,6,idle
221.8769050642699,0,0,0.8190970658423364,10.58710502006008,1,23.048990272032984,7,idle
279.2439146776419,4,0,0.8404207188320648,0.2443982937344881,0,10.057396248596646,5,idle
317.86828802552816,3,0,0.7387427150513339,22.71417244337824,0,25.94614404947593,5,idle
280.02937669424597,0,0,0.8623219007995564,11.07821506158301,1,8.765026572331827,4,productive
200.87927297740063,4,1,0.7715370784916141,9.672939260393886,0,12.989643860686328,4,idle
205.09921822628507,1,1,0.5643871226888478,5.815284188727912,1,34.321926988165735,6,procrastinating
261.0840750360769,1,0,0.9336990362461967,1.0751054757651803,1,28.94658255649202,5,idle
255.4407094030692,1,0,0.9285167763823233,4.560131399379651,1,8.811337452656769,4,productive
168.8960687322767,0,0,0.8112668270153247,4.651209344834445,0,28.928752529383893,2,idle
109.68334801101307,1,1,0.5390679565148541,1.722359874313144,0,15.376638351335586,1,idle
189.17713588610215,1,1,0.937099017980115,4.112937699735973,1,21.714178879059233,6,idle
283.26934361042896,2,1,0.38536796708737525,10.567708649965022,1,18.01786693708396,6,idle
206.5845104828155,2,0,0.8159426946047402,1.4582671716977542,1,17.108838943464818,0,idle
147.24602781053872,1,0,0.6140654285743888,0.5177804318451761,0,10.487907250524886,5,idle
174.90007637792866,2,0,0.7224831032698351,10.994625457528887,1,14.189063925696459,8,idle
241.43838466345542,4,0,0.7195145356062878,2.375723437019765,1,29.881352102800406,6,idle
231.28110590917817,2,2,0.6782193883381558,1.5366949887981611,1,19.85470945917269,6,idle
197.73966860530663,3,1,0.8017170076129538,4.712604118338417,0,24.679114772677387,6,idle
218.315673998108,2,1,0.4258185619534042,28.672995905838103,1,4.963067546570679,6,procrastinating
194.74574105581902,5,2,0.7389408740837734,4.762722763764154,1,19.57958058629673,0,idle
203.5959461609024,2,0,0.4036952183576515,19.082098276261036,0,14.027511814597688,3,idle
144.7929332463873,0,0,0.505299925027245,4.485335917829865,1,26.457551355304446,6,idle
150.47775748373283,0,0,0.7734672135589975,1.32503662505008,1,35.075847494443764,5,procrastinating
178.00939098304647,3,2,0.871940749154996,25.288604594315245,1,19.104315607391054,4,procrastinating
182.72171504506076,1,0,0.308617173099009,9.965828473950326,1,27.500332903855796,1,idle
161.7490977429322,3,1,0.8030535730638378,0.3287114615880856,1,24.720733528216133,7,idle
234.54543133752998,1,0,0.7658915596884552,2.293029455276255,1,6.918010327317777,5,productive
234.26276003745195,3,1,0.7676001333146673,33.06736652910809,1,25.81905806195217,3,procrastinating
263.94707723325456,2,0,0.9646314606219529,5.908474786403488,1,22.406029983388784,4,idle
206.54218471326615,0,0,0.5034355780638731,16.43377532592914,1,30.416585460664322,2,procrastinating
178.7975467000282,4,2,0.825592659016345,11.292951087534888,0,15.670757529822332,5,idle
167.3860776334394,3,0,0.9691820208823503,0.8232076652663318,1,15.592419971563405,2,idle
107.91210169892544,2,1,0.34790662624744173,16.715257970842153,1,30.126594643790853,4,procrastinating
219.61155453735898,2,0,0.7557841153009012,12.420756861956672,1,1.965375080838946,1,productive
153.07240376915408,2,1,0.695971349838178,2.6966703584643885,0,12.35447452113148,4,idle
253.36635892044288,3,1,0.3116613732451601,4.867570124749596,1,16.293000073564016,3,idle
233.32545818201535,2,0,0.594624202337521,38.861008406700975,1,14.584422489857849,2,procrastinating
236.5511756841807,2,0,0.5351628049068744,4.098842520178877,1,23.36087997057888,2,idle
260.9031535914101,1,0,0.760504911523656,10.062689397606118,0,18.8807435965167,7,idle
205.09167168445686,1,1,0.6842412650006403,5.389363974616752,1,37.57915195713455,4,procrastinating
207.38252472813477,2,1,0.779371068865261,16.743169501304244,1,31.9812284107373,4,procrastinating
172.08678033867778,3,1,0.4890273396773844,3.4872090280644166,1,14.882839987730819,2,idle
176.1174478068342,3,1,0.9217688334455486,4.053601142834401,1,30.05441440151212,0,procrastinating
188.2845608447308,2,1,0.6674939282700891,11.557287743086205,1,26.21381097982066,5,idle
233.60465308055396,2,0,0.7902190748091437,13.647683372345458,0,23.26744185201062,3,idle
198.09373438359907,3,0,0.7805925250205379,5.453924526971631,1,15.573339314456831,4,idle
225.88523325576446,7,0,0.698226021393828,23.030504275772252,1,14.075608195920768,4,idle
220.07208535907984,3,0,0.580805247240907,33.13436847049492,1,24.53547117337221,3,procrastinating
193.2510454454351,5,2,0.8025214234097701,6.890699014407788,0,20.21682342329437,2,idle
329.1338545177396,4,1,0.9817110838129561,60.0,0,12.338752101879491,4,procrastinating
215.99806089123436,2,1,0.11293463405376689,14.00826395409749,1,39.32376819879602,3,procrastinating
246.45440403295908,0,0,0.12814418293058066,3.7343803217404155,0,24.032420677278022,4,idle
117.00958242967698,2,2,0.5597111600432905,25.506738344467074,0,11.55501410848818,3,procrastinating
195.22163642737215,4,1,0.4353337162734058,6.437920370207019,0,21.804458879310612,2,idle
222.84520475458186,1,0,0.46503677091885176,4.766302605487935,0,16.99018667073695,2,idle
251.0727716403707,1,1,0.4114158899514108,8.521241542739865,0,13.907361111174911,7,idle
170.15721612458321,5,1,0.19891067271665047,3.2158176217087697,0,15.689312068773592,4,idle
239.83019467950206,1,0,0.6667105674064382,2.525725657689292,1,15.329154909826595,1,idle
140.33651650313595,1,0,0.7808727116745889,1.8928028419079932,1,18.063103667393165,2,idle
184.9856508504174,4,0,0.7720295308784852,0.9802969998125924,0,11.713178904966309,6,idle
200.57705488903989,2,0,0.729627006057606,30.306700794147787,0,10.940289115581496,3,procrastinating
292.7941920832392,2,0,0.5160709815932505,27.120633523911998,0,18.15907779551408,2,procrastinating
209.4583904435004,2,1,0.673054490819507,31.856438089844588,1,13.3633271568834,5,procrastinating
279.49123027057493,2,1,0.6498808854644038,3.950047752307301,1,15.164357290288116,9,idle
111.66807885339081,3,0,0.7399553694579645,11.001204087065496,1,24.074554830103143,5,idle
169.26358616493556,3,0,0.956025286316806,15.056460523504738,1,10.782194231336682,3,productive
219.5879663593292,1,0,0.7432011088998747,13.779670030928845,0,13.7107993516149,4,idle
166.54279518987252,3,2,0.7463032593339044,4.834113635575967,0,32.84135773641421,2,procrastinating
255.42703973407836,0,0,0.8297231927347347,24.447784290168865,1,4.628301767420551,5,productive
164.45049506643056,5,0,0.7879603855670784,9.293549171164356,0,0.0,7,idle
250.7273788319796,0,0,0.5091268811065194,13.254108903028754,0,20.470314663732207,4,idle
168.91548048228375,3,0,0.2567278029460779,21.12439417716267,1,28.26783712531866,5,idle
189.7334254643202,2,0,0.7212358866046816,5.24471119335917,1,15.10170277886796,5,idle
256.8322872877013,3,0,0.3974306172969822,2.579256171308719,1,21.99833260213898,4,idle
176.00137098219025,1,1,0.5751045123683222,12.782172454702009,0,26.857748462851895,7,idle
229.09882117251465,3,0,0.7205373778789997,10.49400687224977,0,15.839723501259403,1,idle
212.98999360489813,1,1,0.9639845230307728,13.767549051642092,1,14.580561534264643,5,productive
206.04020675242617,5,2,0.6921780412199309,0.8696425458241306,0,21.89317858519108,8,idle
297.9493540006266,4,2,0.22486646125346327,23.54963557289024,1,23.97026764180612,4,idle
235.55745217424712,4,0,0.8069739089835598,23.601900199414096,0,25.700685037109047,3,idle
205.42629115281704,2,0,0.5643172787652131,6.390932244947852,1,5.790572414347892,5,idle
213.1162932825537,0,0,0.6136669816582192,1.2168731430767417,1,10.053490735101498,5,idle
157.72791239722756,1,1,0.7529670810985698,4.321801921628735,1,27.28210434284121,6,idle
224.71617704372485,2,1,0.9663935929757809,10.279118943579716,1,10.433406592399962,2,productive
235.5300039253989,1,0,0.90862236840319,0.31743560951875227,1,11.951128133851103,3,productive
250.5716516274339,5,0,0.8609561629356176,8.607989211582765,1,8.929034778514687,4,productive
294.47142917870065,3,2,0.25962366420184896,14.586075814803738,0,16.308559536942838,2,idle
229.37759738103293,3,1,0.9403422659758491,22.690287442467234,1,28.167151531384977,11,idle
156.4147085312914,2,1,0.4995042546121668,4.475034669980017,1,18.39047927897088,1,idle
220.17954590134528,1,0,0.7843487253469978,3.3829886926979698,1,14.321692579233137,5,productive
184.38075433578564,0,0,0.7685971626776873,17.248052693406056,1,27.300209474234173,3,idle
177.0482680618455,1,0,0.40349676477615604,1.9937741283416468,0,23.563190303696086,4,idle
177.97162865174903,1,0,0.8031093436076877,10.555116791585334,1,15.436745152402535,1,idle
212.5592472551817,0,0,0.8486175480108632,4.722412758852219,1,10.66790899920409,10,productive
172.94255077650013,0,0,0.6377976671540987,15.985546494446325,1,10.171609413221935,4,idle
223.79861336604102,0,0,0.812302141594003,9.297781845073992,1,0.0,5,productive
127.47568191206528,1,0,0.8422984997997475,11.375401887516812,1,3.5080607192017865,1,productive
79.8491817585687,1,1,0.6392262154224874,2.1767006479607662,0,28.164342204135636,7,idle
202.86339059501788,3,2,0.2593935757609328,2.3837496848775097,0,15.696530912893776,4,idle
141.07791796068224,0,0,0.7904607757200761,32.20667117824283,1,28.089411397153967,4,procrastinating
183.99241798536931,2,0,0.727031710007681,10.85513796724638,1,3.8936746325089278,2,idle
124.23425084190846,4,1,0.6867937554840772,3.2231876628530403,1,12.219164319298528,8,idle
119.59758224569916,4,2,0.2980848647164826,17.50052583214938,0,23.91384780850195,10,idle
220.75031923633395,2,0,0.47903469283669314,12.440996002082105,0,11.792167896973986,5,idle
187.11962016814854,3,1,0.48624907353397107,1.8391200804368797,0,18.033527132438124,5,idle
207.82822332918312,3,1,0.9062489001777075,19.227764340284562,1,25.597188352767937,4,idle
208.42378274149917,1,0,0.9281415807360708,6.807182260627405,0,2.9769073250819975,3,idle
177.27118924282786,1,0,0.48201025437178036,1.118117977555204,1,5.0389398113612724,5,idle
278.3262931466779,2,0,0.9362887123596062,2.05680542337294,1,11.62976735594394,3,productive
226.24614373554206,0,0,0.7191297431596763,13.207761445942047,1,20.88561654994066,4,idle
325.963995556402,2,1,0.7324370120934942,2.663848594423792,1,14.349821453043546,4,idle
281.42945591127864,1,0,0.9753354022899179,2.9283104383557808,1,15.368243773579966,5,idle
240.9454927269697,7,1,0.8289431678741707,9.36944313510399,0,9.748321504965062,5,idle
209.1804443802924,4,1,0.5068728463980693,16.846033409030447,0,25.097674427356782,2,idle
183.46880694364185,1,0,0.515162455231586,15.997962803798902,0,23.989836850626236,9,idle
177.14251738988233,2,0,0.21569911690392307,13.16783048265952,0,4.698956246352928,5,idle
216.04722651496274,2,0,0.49406509663202874,18.278656092114453,1,13.226115740157287,4,idle
253.71991034621874,4,2,0.9120360369555806,4.92776595446554,1,11.649508591330061,2,productive
162.37292507751565,0,0,0.3767092591788308,2.0831193930128085,1,12.494303582454101,4,idle
208.71275131722916,4,1,0.6883055213315485,16.27642314926512,1,30.710127106049946,1,procrastinating
153.64751186513558,3,0,0.9304592351250587,60.0,1,14.651155223882188,3,productive
214.79689300346894,3,0,0.9532410815842982,0.7242243153639394,1,13.973688013597034,3,productive
234.40157999341127,2,1,0.6479197021658428,9.364172305955712,0,39.551660260395174,4,procrastinating
254.60484828611885,2,2,0.5975636884206924,18.923305939621866,0,16.889551982956647,2,idle
222.92458437891608,3,1,0.8983698536457363,2.588437520994372,0,21.025109132707346,1,idle
181.38135816114328,1,0,0.7083244520865265,31.223721452379912,0,21.330849981873783,4,procrastinating
192.96737388483749,2,1,0.37021103353849594,27.46015553501326,0,7.508743512879761,5,procrastinating
210.7345290753292,4,1,0.768362092806354,8.76255416281716,0,2.5891118906076613,5,idle
200.56854213947332,2,1,0.36174750927250726,0.9420145861796541,1,8.554435279829786,6,idle
224.46499220824666,2,1,0.3612638790233229,1.1360581409028272,1,30.157557483179062,6,procrastinating
220.50837161474212,3,0,0.34744215490218516,1.118444343505016,1,12.095990989367015,3,idle
255.67285299362405,2,0,0.9867233208875429,0.7474686199220884,1,25.101375778832104,7,idle
148.5595541179643,0,0,0.48258971830118486,17.666110792155308,1,13.082263215613128,9,idle
222.4438974340902,4,0,0.7337016048509966,11.297790896462258,1,14.172080857894262,5,idle
167.0152852279742,4,2,0.7025385701774975,0.42868478881943584,0,17.839665270433738,2,idle
198.27693206410567,4,0,0.6490644422000975,0.39465743544693116,1,9.028000478806627,4,idle
150.262905777092,3,2,0.8593419384481449,21.368600967405296,1,12.719162929455331,5,productive
211.67884451345924,1,1,0.7567882411639848,5.354841943413149,0,19.599336091995923,2,idle
144.63116967399856,1,0,0.9117330459309855,15.329192282603708,0,8.786763429077745,6,idle
172.75792181250344,3,0,0.7483783065722932,37.32280244281776,0,15.959958979543373,4,procrastinating
313.1487140614945,2,0,0.19705650782280998,13.39337666950425,0,21.968690112293025,3,idle
238.25494553007758,3,0,0.9074889030580383,29.406764721059382,1,0.07446991000659153,4,productive
252.8717359579187,4,1,0.9220781086303471,5.7882698331519284,1,20.537442513755988,10,idle
172.66675176254822,2,2,0.7389788294003158,3.209472059904681,1,0.9463142933669104,3,idle
262.22098668925327,0,0,0.2926087706946196,17.397291870057135,0,22.457641816884298,3,idle
195.9813702528479,1,0,0.9713634527805625,10.024783404047108,0,16.723137422447213,4,idle
185.72740397309786,2,0,0.9498688128879955,0.49893690084032855,0,9.266359768949428,6,idle
234.31947399151107,3,1,0.8041030702582068,12.059203693591012,1,10.086593156398223,3,productive
216.33127754102972,2,1,0.8599391422079383,19.101728407593715,0,13.574447151700067,5,idle
265.72180859113075,2,1,0.7826100890039983,8.553252300848586,1,17.73190859726392,3,idle
152.1491762813764,1,1,0.881166422403213,21.66759912501258,0,11.846464750648215,3,idle
174.88046192188685,3,1,0.6000572162070849,18.426604676668504,1,0.0,5,idle
189.02225431266402,2,0,0.8796486601746563,1.8834048187092887,1,11.483360760524302,8,productive
214.3623154493284,4,1,0.24307239469651823,2.0292114144413396,1,6.231802066698551,5,idle
189.37963207757923,0,0,0.37433634666841914,21.028199455710787,1,27.73028509870216,4,idle
206.42851577749101,4,1,0.7845830125984826,9.046441355847474,1,34.59916920082359,3,procrastinating
195.67716088730094,4,0,0.6825911950139995,7.19597360531814,0,4.2662200155244125,7,idle
251.37946405910185,1,0,0.49970455712348544,9.94759173216179,0,19.571077451718974,1,idle
184.7470195776105,1,0,0.9338928861015771,6.336534049820836,1,15.283363434560993,1,idle
191.54495958563226,3,1,0.15060928806538687,0.0932374842807547,0,23.70962341891201,1,idle
213.0656568706132,4,1,0.832623477106413,1.2584279582248823,1,18.327374648572405,2,idle
205.54863958375728,1,0,0.47788782559103593,2.1979376334961427,0,6.211331536080943,4,idle
220.76669373935556,2,0,0.5895464260591228,28.082943448450596,1,21.053109709516406,2,procrastinating
152.9626802628254,2,1,0.5407371627084534,8.001592915899883,0,32.82900292702726,4,procrastinating
214.12070599301165,4,1,0.7512918484061724,29.013459232238546,1,15.014925263008633,3,procrastinating
202.37911420662667,0,0,0.6791836428018028,6.9811594874653915,0,19.940140933382743,9,idle
170.14359476118773,3,1,0.9443549629136411,17.132104806999422,1,9.35488422631547,4,productive
135.94764159199804,7,2,0.6281541600313353,20.67008847396845,1,7.336909960768882,1,idle
217.6408883609816,1,1,0.31916912114118606,1.718991587326872,1,26.840364519549844,5,idle
203.79635866510355,1,0,0.7486237771721224,14.639890503302038,0,27.921155777768536,4,idle
206.78276470146162,2,0,0.2550851910686528,24.67099550166625,1,22.11681987509831,5,idle
192.62010425298195,1,0,0.6486574340520501,22.461149953997772,1,29.342309138297715,2,idle
270.52276223748896,2,0,0.8390714866786788,12.772892435226161,1,5.358977939044278,2,productive
161.3433642953165,4,1,0.7027253176183903,5.997363049345129,1,21.139024897304868,6,idle
207.1614541482719,4,2,0.7560678917574437,9.907727501393445,0,13.785647293823105,7,idle
187.33977812964406,3,2,0.7880503092588059,6.1655838249206525,1,6.104083865065366,3,productive
117.7092406627782,1,0,0.5674369915459679,10.145398308595965,1,13.935383556550896,3,idle
213.9266091338492,2,0,0.3434937675295975,1.1136993457295643,0,20.022189832692753,7,idle
150.17494719916925,1,1,0.7580183146629328,3.7260735360445425,0,11.078872409578747,2,idle
244.0369599567339,0,0,0.5573925589190919,31.734778543540493,1,4.654527328020066,3,procrastinating
247.0930140677085,2,0,0.5558894167911512,31.294621451126126,1,0.11799700053020601,6,procrastinating
227.08529499001412,2,0,0.6848897325638307,5.005766532539626,0,9.577788262678196,2,idle
233.59006433791754,0,0,0.9760145678109975,0.16423951205119466,1,32.09272708516506,3,procrastinating
189.62790171973137,1,1,0.9100841782339172,0.5702456865400825,1,30.314349406294525,2,procrastinating
240.94167540380957,4,0,0.7998772829560946,8.809668803753125,1,34.51522013056871,2,procrastinating
251.2536128187566,1,0,0.33192000346154354,1.9064120876916195,1,16.78680844302336,5,idle
260.38722457553644,3,0,0.3378741268211033,0.4439682296062831,0,12.083868150754864,5,idle
266.85951763487424,4,0,0.4413925764097508,18.952319815275082,1,21.073854685783015,3,idle
144.47524811118006,7,1,0.17540909761790494,18.142207213463685,1,25.968571903361184,3,idle
224.4579122513431,2,1,0.7850547661301187,22.51042396129784,1,11.780606134820424,2,productive
100.33379852636985,0,0,0.5593371905090513,0.1407475174101568,1,0.0,5,idle
253.8018169918529,2,0,0.5350482465519292,3.1783335869005445,1,18.4381238781031,7,idle
181.0883492962558,3,1,0.9344983060663976,0.6850736770290528,0,18.118116665685065,4,idle
223.17746536073005,3,0,0.709273294541416,28.13016121110977,1,6.292026339352915,3,procrastinating
189.12084320928375,2,0,0.34974640325251644,0.5702980623114949,1,24.752090811433007,3,idle
227.40301380914644,3,0,0.9478737599113298,1.0192530158023123,1,14.282577036868334,1,productive
240.26233991400042,2,2,0.6875724621670967,12.648285787012082,1,30.455853296936404,0,procrastinating
160.90608211432914,3,2,0.986725767985301,12.510422699519022,0,13.944345040209381,4,idle
186.2848460910602,3,1,0.5165085308912875,60.0,0,23.327939537958954,4,procrastinating
196.30187193317838,2,0,0.6813564038362429,29.087159416593074,0,16.87758809164384,2,procrastinating
244.68682950193778,2,0,0.8807845165670171,1.160084974235914,1,31.92843544096388,8,procrastinating
199.3912063559274,5,3,0.6700951835104978,9.298755079181367,1,25.133978241617587,5,idle
201.99976836717713,3,1,0.40978857513079536,1.6979032088416228,0,28.398612253047972,2,idle
312.98858810999593,2,1,0.9137256472335498,1.8724138412190432,0,23.62957024697577,3,idle
96.19736201018914,2,1,0.887127352770681,10.134310193871688,1,10.401375215781657,3,productive
235.54890993433187,0,0,0.862613713629748,11.123164272375007,0,16.36775478349802,2,idle
213.30986479024716,3,1,0.8746871299655745,28.691301494998502,1,18.556260673431286,2,procrastinating
243.67458840256992,2,1,0.7804209916456493,12.066628022097877,0,26.87664147027275,5,idle
251.15954894000774,1,0,0.4237563831578125,14.56623686473141,1,1.4996183079329413,1,idle
266.3504203182286,2,0,0.2151060354563937,0.6604265075366107,1,26.34162960766047,3,idle
170.1872129442599,2,0,0.7785917151341014,6.101337257145073,0,7.708359836740886,3,idle
262.90242663358515,3,1,0.9508132798889815,4.575809962905012,0,25.14874419720904,6,idle
231.58632938057667,0,0,0.603973955253287,19.940827791969024,1,20.96145254609148,8,idle
183.45146546702443,1,1,0.48575550832135195,11.570570568562603,0,0.0,4,idle
248.79760133241462,0,0,0.3925211317075151,0.17957663793851214,0,6.453166525903503,2,idle
143.73042931894045,2,0,0.7024454505326932,2.7327626786933252,1,7.980006542633172,5,idle
239.35395892640574,0,0,0.6202526395585799,1.4286597398960352,1,9.921026653970637,1,idle
203.17395156246005,4,1,0.6382533275956488,0.5658090555623119,0,10.882605182683038,2,idle
270.44565974045673,0,0,0.9411045997791071,8.584198286435374,1,27.31549382133245,1,idle
180.3232171891679,2,0,0.5197944025041583,4.287551246975216,0,16.7576052582876,4,idle
191.59203931029265,2,0,0.9603099317720515,41.05708399561083,0,5.751833243566791,7,procrastinating
194.76387829246409,3,1,0.418934328817884,15.34797908981498,1,17.00294348198084,5,idle
192.15215915764583,4,1,0.9463651429401603,4.781512546883364,1,0.0,6,productive
144.3791169171,3,3,0.6146880954341293,0.7737965582320112,1,27.466187429485267,3,idle
209.50920335244226,1,0,0.7932255460335041,24.313111657504017,1,20.152982515180998,2,idle
175.5042160946414,1,0,0.5547974055945583,7.876159768231847,1,16.984763971875303,5,idle
247.89776206451234,4,2,0.7871347734919601,10.994186547854701,1,10.734519059640183,3,productive
245.63456406380192,3,1,0.8522705633551151,11.24282884973218,1,21.828723854316788,5,idle
150.70675235976094,4,1,0.904545951727806,18.684197291037396,1,12.140997219942182,5,productive
210.59188664510418,2,0,0.9044814185866541,22.66213579646265,1,15.845638269122048,3,idle
216.89535124710022,2,0,0.5049798165395291,27.582341197683945,1,19.91675522972071,1,procrastinating
174.6122236314671,3,1,0.13338850698017504,10.432732512684565,0,30.331147439154236,5,procrastinating
271.56473486105347,3,1,0.8961438957679185,0.8669050081553573,1,14.847811260831978,3,productive
210.1803957990105,1,1,0.5552811713163006,0.8182973877140352,0,28.95383970679088,6,idle
230.3937391961988,0,0,0.6392958724332686,21.78710675282751,1,10.894956109179308,3,idle
191.71295895309058,0,0,0.6952247255019373,58.66012353949412,1,25.445978109741116,4,procrastinating
240.78537701970652,2,1,0.7550016355173295,14.352242897879695,1,22.09305006663429,5,idle
339.7786163299127,5,2,0.48271438174781206,1.3643347946276994,1,19.107590896908967,9,idle
183.53150511870294,1,0,0.8177016554685944,3.582831665601803,1,21.259603884859125,3,idle
226.43514332291846,2,0,0.2159245863292641,2.275538479094753,0,0.0,2,idle
224.53992756249545,3,0,0.6773602166572553,1.2195349564254476,0,11.807841109844233,3,idle
236.20819191031188,1,0,0.7637648477431035,7.487158439649752,0,18.39422684281196,5,idle
209.6194131209991,3,2,0.667519419476607,10.250920113191716,0,18.807231622063263,6,idle
132.4356854786688,2,0,0.50971101084105,17.14194952832158,1,23.877866253764143,3,idle
163.8508235354842,1,0,0.8419971715244611,18.548890008104074,0,21.65772599091587,0,idle
234.07174171869542,3,1,0.44747710156695913,20.274711318438797,0,24.232412550036933,3,idle
135.74886623290396,0,0,0.5230781685883961,47.913797700028454,0,17.75429269223688,5,procrastinating
240.10262890788658,1,0,0.6231454496388655,0.08587525684978121,1,12.637227567731351,3,idle
222.61450365766805,4,3,0.49974604338866335,12.426065744582433,1,27.52122423108394,10,idle
228.12228806989995,3,1,0.9945310498826979,0.36628257602269015,1,15.320843126373752,5,idle
236.7836181603084,1,0,0.9532749263975676,16.289637075775527,0,19.076390160598926,8,idle
207.97972850346488,2,1,0.8284981926414756,35.7672066123095,1,11.450305200367788,3,productive
239.04058993869648,1,0,0.24452337510180702,1.138525623498977,1,25.431629484972078,2,idle
159.26433825481985,3,0,0.8856109284288334,14.77173552404468,1,19.61046192274636,6,idle
220.10314893297462,3,1,0.5035859548514824,9.305069465377473,0,0.0,2,idle
214.75699275942242,0,0,0.6130365116753735,1.8564700080591043,1,17.90107313738108,2,idle
164.93939471803884,2,1,0.7993287304991891,7.42726339668544,1,22.250836918120505,3,idle
201.62182599557093,2,1,0.8472874387598721,37.71472775055282,1,19.616638539499323,7,procrastinating
299.90781829959303,0,0,0.6934808031748992,18.426340939493937,0,15.727975567292619,2,idle
235.76505382187545,0,0,0.5616969529979157,1.4233173141791406,0,25.53646271780018,4,idle
148.40777095181798,2,0,0.7698985714264932,16.242846310066398,0,2.9424667323840428,5,idle
157.90259792432283,4,1,0.3197666066104399,3.30392567351469,1,17.171868626347607,1,idle
257.96218034066493,1,0,0.760388191358971,19.75521429709774,1,14.351855727167361,1,productive
135.52514403435885,3,2,0.9498467016706272,7.439950938855887,1,21.961037411135575,5,idle
276.4710922029438,3,1,0.5012956774479416,6.440667404447949,1,29.071136490703594,8,idle
168.02125760395936,0,0,0.9860001369672661,25.293916335012426,1,0.0,6,productive
215.8689412764221,2,0,0.3083900799701761,10.317289199476962,1,20.07456286280794,4,idle
208.60370860930834,0,0,0.9535219149396585,21.252577462221183,1,19.47585637985872,2,idle
206.05423170784195,5,2,0.8858721279167081,21.681045977881453,1,20.54499497104357,3,idle
237.79917618493258,3,1,0.801481195058886,1.4001676316648026,1,22.942051757409015,5,idle
339.85883079265244,4,1,0.9084044817444389,39.945204555532726,1,26.677212392320072,2,procrastinating
289.19194951624047,0,0,0.7077771257987082,21.281842275160123,0,22.900852240858654,3,idle
259.109890838808,3,1,0.9062922457857925,1.5824331974319716,1,14.412466682313381,9,productive
110.39427266739634,3,2,0.6737545780849135,21.125036740166617,1,20.270427638203984,3,idle
208.92086571456278,0,0,0.7000127877604179,13.944029814674398,0,31.82550759429109,4,procrastinating
265.6764080709323,4,2,0.41637170294158593,6.509416685574418,0,13.284785035638048,4,idle
189.471357023658,0,0,0.4495553506962143,18.728083100610288,1,10.28243539192566,3,idle
305.61354297809027,2,1,0.6552795206179187,22.057763473949656,1,14.422073972357186,4,idle
220.83340280646897,1,0,0.8767979246753757,2.8675930182532414,0,35.47182038987515,7,procrastinating
207.3610239311924,2,1,0.5156983075558248,4.010174902282768,1,11.364749795777785,3,idle
170.6700036023637,5,1,0.6612683965367527,12.649194535727387,1,23.848894287567717,7,idle
204.4746434881007,1,1,0.7869926288142681,1.3435808079475762,1,31.427932163549137,3,procrastinating
251.03084530409888,5,2,0.7662671283227306,0.46716669671342514,0,23.600521642291604,1,idle
205.16411483657464,0,0,0.4117538130836471,40.149336446696424,0,11.967482270852702,2,procrastinating
177.26381244278497,1,1,0.9609499864907424,8.100535179339708,0,15.33278947575118,4,idle
281.80933055761886,5,0,0.7476876251775394,4.34135310883778,0,10.152885059913697,1,idle
254.44861623031872,4,1,0.19277821262749825,43.046067790292454,0,16.264874309934722,2,procrastinating
188.03500423875923,5,0,0.2500155809191583,23.653338241457078,0,3.563406772323207,6,idle
238.3362662533606,1,0,0.7442814066199814,4.546011949155037,0,12.16604509991506,3,idle
189.59701357060055,3,0,0.8725965101450103,1.5478130075410794,1,21.254313584370653,5,idle
237.40948161434704,1,0,0.21952239624784758,3.2146508346759033,0,25.974527976279443,3,idle
171.64879722036812,5,1,0.9834592720749651,35.58489615025286,1,30.56112756115988,5,procrastinating
207.54526668081868,2,0,0.7862154974394755,10.46472265116002,1,40.53385631645641,3,procrastinating
259.08575823036654,3,2,0.8761631581995225,0.047798592353604605,1,8.246382325946131,7,productive
126.91462734507739,1,0,0.9422924080193344,15.676356345322525,0,13.918093590115326,8,idle
191.44047802737035,0,0,0.9980358807369725,0.3472070198775713,1,44.35027633210593,4,procrastinating
191.30402867197597,4,0,0.9143150095560433,3.901680371620418,1,10.3049429295613,5,productive
151.42095348511154,3,1,0.9189399112455666,8.680772544373413,1,15.929642595138354,6,idle
158.87554614569999,1,0,0.9955527711995258,1.6861807367043165,1,1.1227854176253906,4,productive
129.10630898243107,0,0,0.25231634553342464,33.75301390423707,1,20.582288171408823,2,procrastinating
180.2299375429414,1,0,0.7780364297606156,3.328404101335498,0,27.963295112288172,6,idle
324.71785644481656,2,0,0.7097047044932816,31.174701944721726,1,9.527850611937517,4,procrastinating
136.30459691382814,0,0,0.8295609864478288,10.051344789160662,1,3.445182500556939,4,productive
210.28429478177853,4,0,0.9708625663689168,15.00804059363781,1,23.858241399520143,4,idle
234.3770693073388,1,1,0.7720431719789804,6.667366084728289,1,12.413811067962534,5,productive
204.05549827243564,3,2,0.358765853563402,0.6361665761317064,1,17.72299143427357,6,idle
192.95686656944787,4,1,0.9293454899361396,39.20704627764476,1,21.915225331322105,5,procrastinating
297.3280262100539,2,0,0.5254235036311503,0.788579828352227,1,5.065539675547543,5,idle
163.11565330089752,2,1,0.7104400581532686,13.153138892435454,1,23.059580799487186,3,idle
197.1482799302234,1,0,0.6349835828398536,5.6507608353790015,1,25.88447547281718,5,idle
183.0484818393546,2,0,0.9724946571414256,3.881042202772116,0,33.91218752437017,6,procrastinating
192.79468298792898,3,1,0.6876517462449211,20.115963184573225,1,12.62994132280488,10,idle
165.63086347912792,3,1,0.735396500194984,0.876127976363855,1,10.268466088423667,6,idle
148.59855425950903,5,1,0.721326559277222,4.3991261720574535,1,27.59498139303436,2,idle
172.94099591991886,2,1,0.8522223930395194,14.071284490424517,0,33.23730459389129,1,procrastinating
134.3375933002564,0,0,0.3710529800714952,3.712449286591861,1,9.60515802776407,6,idle
168.77010273733018,3,1,0.28594479320878585,3.389171453558652,0,24.59910522348713,4,idle
234.46325695214256,0,0,0.6001419079764454,3.8466493329315856,0,30.614708549069334,3,procrastinating
278.6188170246718,4,0,0.9045563558676954,40.94902904561687,1,0.927741402109497,8,productive
263.88378065081656,2,1,0.6698001483333124,19.732071716426695,1,8.435104471535809,3,idle
154.98726161715203,2,2,0.7592465830242242,41.986882865890855,0,21.30458274240935,6,procrastinating
118.9306411490672,4,3,0.6736077377200596,1.4631690314368113,0,13.454149745313611,5,idle
212.41702864497404,1,0,0.5799364154650299,18.430452915862954,1,0.5233023368983574,4,idle
185.86693369095877,3,0,0.8481365318414759,0.3362127781955707,0,9.567311154583628,3,idle
214.8214140872819,3,1,0.8335084919521067,26.654699564547638,0,15.149537387648305,3,procrastinating
237.6818483426741,1,0,0.29602212711997095,0.21829146312214082,1,16.199197251028284,4,idle
250.72794481804698,2,0,0.869952322676583,6.975258554107558,1,14.860042768848087,6,productive
284.3663538629465,0,0,0.8152488398446286,14.905276594086075,1,32.08928320333362,1,procrastinating
172.0731140580035,2,0,0.16998642056389004,3.8767362637308347,1,11.885225428785159,4,idle
207.14676053907104,2,1,0.44557708248595373,2.8720086001691216,0,11.77811134774121,3,idle
232.00741208505536,3,2,0.5025422483626224,16.217630880757504,1,31.220580586427147,5,procrastinating
241.70409425123847,1,0,0.7244883007610071,20.66334016023209,0,15.828496388121211,4,idle
161.77189945854406,1,0,0.6273101880838982,60.0,1,14.145814754203943,6,procrastinating
228.61913917860207,1,0,0.8266413196530379,23.31149960082735,1,10.283700078783573,5,productive
194.47386266832046,0,0,0.6196528125247451,0.5008595099089999,0,13.741064892526198,3,idle
265.8085418195454,2,0,0.8356408932053665,12.285330296586427,0,19.04884792211617,7,idle
214.65430580172844,3,0,0.7487238591565261,20.849482389732497,0,5.421823562719702,6,idle
113.61667735184037,0,0,0.22185270225474774,17.02381624374155,0,30.700157499529865,5,procrastinating
179.23574362433212,4,1,0.7356258122819902,4.395783846964015,1,26.602550959840357,2,idle
156.86408875842156,3,0,0.7961315946899147,15.090179960002608,0,22.405731011250456,3,idle
263.1450972817785,2,1,0.5778757902600485,0.024781648074829257,0,31.854975709960932,6,procrastinating
162.0275133827049,1,0,0.29933839753317404,19.984210936113957,1,9.556707684072002,4,idle
176.56293349583208,0,0,0.857384377346965,6.851805607312393,1,27.624799893375858,6,idle
170.13336377192775,1,0,0.18345183983402097,2.771270279878285,1,12.644013710294526,4,idle
187.68817491857422,3,2,0.9255817750759877,1.08883792288177,1,14.274963111881497,6,productive
233.7324459432916,2,0,0.773259963712624,6.188064419911733,1,25.037032025158304,5,idle
196.4211872300894,4,1,0.5768155730707295,6.639572830672182,1,39.3572562987069,5,procrastinating
226.00399750169657,2,0,0.34876547990334195,19.554390076218173,1,16.37392997891591,3,idle
269.76594509146435,1,0,0.9106545811296035,16.44922512960668,1,20.391093959545195,5,idle
220.71334156282666,5,0,0.8744541263225236,26.47286657275714,0,25.871993607181505,2,procrastinating
217.73364713266378,0,0,0.7583306711923039,4.367569178050553,0,29.78184779166932,4,idle
260.25457110639957,2,1,0.1435080236198658,8.801131859182238,0,14.037149234877269,2,idle
209.3840015156334,1,0,0.28399722447291975,2.8728131152955965,0,11.93964385752431,5,idle
267.73093904765113,3,0,0.5832220983857256,2.1006549176417835,1,14.875735041330936,6,idle
159.15130293822963,2,1,0.6696177348986956,7.256358882448811,1,20.13755359204302,5,idle
244.1424649840074,2,0,0.8438215453154168,9.92078332250928,1,24.53191190596945,4,idle
160.56280939934393,2,0,0.7030550654802716,16.581574638155352,1,15.26501966832136,4,idle
196.36931782233938,1,0,0.6857160281323894,6.883854949786862,1,9.164631300805869,4,idle
277.48247527669395,2,1,0.5428133327328898,2.3937539540918706,0,33.125364069229846,1,procrastinating
216.5764143959884,2,0,0.5515937250493489,13.114526799854477,1,25.828123578779145,5,idle
295.65373872864245,1,1,0.6222253204272172,0.3340128885818187,1,18.929002214345555,1,idle
196.22071225335557,3,0,0.6624977793988782,20.805717116589587,1,28.944105934295848,4,idle
189.43205974213592,0,0,0.5924464191733411,5.0433833688347995,0,6.25887485469225,2,idle
102.51236668421505,1,0,0.8911323891504702,16.34562558551245,0,10.81326696896779,4,idle
171.21903690423872,3,0,0.3329193033772654,8.501260716919951,1,0.94718247488305,2,idle
185.9522774113624,5,1,0.6930784639838485,12.795571138969002,0,16.09217804608375,4,idle
153.1828071535702,6,2,0.32966611797904183,7.8524454390665195,0,22.439571578743028,1,idle
163.9560521451258,2,0,0.8592035526827599,1.365690132070919,0,0.0,3,idle
234.2309705058722,0,0,0.6380517403521534,10.193857034077926,1,21.23259815674115,2,idle
287.2426248405807,0,0,0.7579340084997395,7.834075975281054,0,29.483159656602215,3,idle
218.06057571148685,1,0,0.5534123381361342,23.16624142706949,1,38.171804531060076,3,procrastinating
189.48142424797638,2,0,0.41416967191249204,24.226099000728325,1,20.96194956548611,3,idle
224.70112645948504,3,0,0.42230333909408657,0.1642533944756519,0,11.648290458168308,7,idle
240.68841978059814,0,0,0.5833846812965214,36.23996615872157,1,28.75813187766406,8,procrastinating
176.79050818131964,2,0,0.2579735555906002,9.808508121720267,0,11.624033984700759,1,idle
269.6855178148201,0,0,0.9437333628848952,2.68564067891167,1,12.935032414654481,6,productive
251.71515857986356,4,1,0.7238545745515962,26.913808217228826,1,28.74211642023902,10,procrastinating
219.5891511712677,1,0,0.8734390983241803,13.461039478624285,1,24.747319861576614,3,idle
269.7749891462152,0,0,0.6545694599382925,28.432840518054086,1,22.0378598381579,5,procrastinating
